Empresa,1T2023_Dívida Líquida - (R$),1T2023_EBIT - (R$),1T2023_Lucro Líquido - (R$),1T2023_ROE - (%),1T2023_Receita Líquida - (R$),2T2023_Dívida Líquida - (R$),2T2023_EBIT - (R$),2T2023_Lucro Líquido - (R$),2T2023_ROE - (%),2T2023_Receita Líquida - (R$),Classificação
PETR4,204125000000.0,60197000000.0,38307000000.0,9.49,139068000000.0,218390000000.0,41971000000.0,28936000000.0,7.76,113840000000.0,1
MGLU3,5038335000.0,16328000.0,-391221000.0,-3.8,9067334000.0,4744924000.0,-35923000.0,-301746000.0,-3.01,8572256000.0,0
OIBR3,20956798000.0,-102677000.0,-1267087000.0,-5.47,2535792000.0,21232781000.0,-266082000.0,-844524000.0,-3.53,2454171000.0,0
B3SA3,-2501944000.0,1356975000.0,1089458000.0,5.3,2460480000.0,-2834396000.0,1374315000.0,1052942000.0,5.13,2477122000.0,0
COGN3,6158625000.0,259730000.0,53920000.0,0.45,1329876000.0,6161440000.0,147387000.0,-64907000.0,-0.39,1386677000.0,0
HAPV3,7416792000.0,93340000.0,-341550000.0,-0.71,6726190000.0,5848366000.0,63972000.0,-161941000.0,-0.33,6839824000.0,0
ITSA4,5956000000.0,3323000000.0,2896000000.0,3.8,1712000000.0,5000000000.0,4141000000.0,3691000000.0,4.67,1954000000.0,0
ABEV3,-8790000000.0,4875600000.0,3819200000.0,4.35,20531700000.0,-8438234000.0,3445417000.0,2597760000.0,2.94,18898114000.0,0
PCAR3,3044000000.0,-105000000.0,-195000000.0,-2.17,4496000000.0,2942000000.0,-51000000.0,-352000000.0,-2.43,4755000000.0,0
SOMA3,980814000.0,69231000.0,48894000.0,0.65,1202690000.0,1222328000.0,121888000.0,85371000.0,1.13,1295162000.0,0
BHIA3,8178000000.0,274000000.0,-297000000.0,-5.86,7354000000.0,7817000000.0,-42000000.0,-492000000.0,-10.67,7489000000.0,0
CMIG4,7322212000.0,1859305000.0,1398206000.0,6.13,8646937000.0,8105244000.0,1575671000.0,1245382000.0,5.27,8819517000.0,0
RAIL3,11431846000.0,678543000.0,71046000.0,0.48,2383828000.0,11372965000.0,909448000.0,167202000.0,1.08,2763112000.0,0
CVCB3,372503000.0,-36360000.0,-127955000.0,-67.27,295455000.0,17046000.0,-55288000.0,-166951000.0,-31.5,269357000.0,0
LREN3,-372209000.0,-26661000.0,46766000.0,0.48,2775292000.0,-574857000.0,224430000.0,229700000.0,2.36,3504083000.0,0
CPLE6,11815159000.0,1214240000.0,635490000.0,2.92,5530666000.0,11860135000.0,750978000.0,307706000.0,1.46,5359727000.0,1
AZUL4,22678430000.0,168030000.0,-736600000.0,-3.73,4478300000.0,21607032000.0,301217000.0,23908000.0,-0.12,4254195000.0,0
PETR3,204125000000.0,60197000000.0,38307000000.0,9.49,139068000000.0,218390000000.0,41971000000.0,28936000000.0,7.76,113840000000.0,1
ALOS3,-2117074000.0,4693643000.0,2999150000.0,20.14,621413000.0,-1706947000.0,318842000.0,179368000.0,1.04,650181000.0,0
PETZ3,-48195000.0,29334000.0,2172000.0,0.12,766881000.0,-53318000.0,40018000.0,11391000.0,0.61,791648000.0,0
HBSA3,3857787000.0,126220000.0,20070000.0,1.47,478090000.0,3572386000.0,243158000.0,117863000.0,7.91,597479000.0,1
PRIO3,9990725000.0,1519843000.0,1162065000.0,10.93,2814955000.0,9094547000.0,1181189000.0,840969000.0,7.82,2311206000.0,1
MRVE3,6772501000.0,-31146000.0,40736000.0,0.52,1689885000.0,7518430000.0,112584000.0,192480000.0,3.01,1825658000.0,0
POMO4,956419000.0,258134000.0,236276000.0,7.66,1653970000.0,1069223000.0,122019000.0,140456000.0,4.28,1364476000.0,2
CPLE3,11815159000.0,1214240000.0,635490000.0,2.92,5530666000.0,11860135000.0,750978000.0,307706000.0,1.46,5359727000.0,0
LWSA3,-1350633000.0,21220000.0,7230000.0,0.24,302850000.0,-986749000.0,19489000.0,-38831000.0,-1.33,313900000.0,0
ELET3,35434800000.0,3986877000.0,405963000.0,0.44,9209833000.0,37175921000.0,5697633000.0,1618904000.0,1.51,9245530000.0,0
CMIN3,-961017000.0,1148540000.0,515797000.0,4.27,4514331000.0,-281596000.0,1085009000.0,494181000.0,4.72,4014012000.0,0
CCRO3,20120666000.0,1808294000.0,629329000.0,5.17,3798540000.0,22439785000.0,1313874000.0,263182000.0,2.21,3905137000.0,0
VAMO3,7128238000.0,541691000.0,169126000.0,4.45,1682313000.0,9166137000.0,523579000.0,106601000.0,2.72,1468919000.0,0
GGBR4,6436107000.0,4292437000.0,3215399000.0,6.59,18872303000.0,6510604000.0,2884904000.0,2142723000.0,4.36,18265370000.0,0
GOAU4,5458961000.0,4288523000.0,3236531000.0,6.33,18872303000.0,5547638000.0,2852794000.0,2132522000.0,4.05,18265370000.0,0
RAPT4,3321200000.0,376755000.0,186840000.0,4.29,2658168000.0,3226436000.0,376434000.0,187126000.0,3.98,2776867000.0,0
GOLL4,11607399000.0,796495000.0,619525000.0,-2.94,4920195000.0,11580317000.0,537204000.0,556289000.0,-2.72,4145926000.0,0
SUZB3,55659605000.0,4306288000.0,5242793000.0,13.71,11276383000.0,54757986000.0,3068677000.0,5077623000.0,11.91,9159634000.0,1
RENT3,29868066000.0,1639584000.0,521549000.0,2.51,6825668000.0,27121205000.0,820324000.0,-88771000.0,-0.35,6846159000.0,0
WEGE3,-2216187000.0,1538193000.0,1323941000.0,8.79,7696157000.0,-2697737000.0,1681273000.0,1409787000.0,8.89,8171322000.0,0
CRFB3,18360000000.0,876000000.0,-112000000.0,-0.56,25793000000.0,15221000000.0,769000000.0,-203000000.0,-1.27,27466000000.0,0
RRRP3,358619000.0,72677000.0,16103000.0,0.3,573698000.0,1597173000.0,74907000.0,79388000.0,1.47,836582000.0,0
RADL3,1904141000.0,432683000.0,198018000.0,3.52,7931346000.0,2033170000.0,642979000.0,343081000.0,6.11,8442315000.0,0
RDOR3,2773615000.0,866309000.0,303808000.0,1.3,11315224000.0,2507876000.0,1121880000.0,435358000.0,1.82,11678702000.0,0
BRFS3,15642110000.0,-179360000.0,-1023630000.0,-10.07,13177970000.0,15911957000.0,-361283000.0,-1337274000.0,-14.85,12204971000.0,0
VBBR3,12040000000.0,429000000.0,81000000.0,0.64,39037000000.0,11236000000.0,524000000.0,133000000.0,1.04,37184000000.0,1
ANIM3,2744600000.0,157200000.0,-41350000.0,-2.88,954400000.0,4168325000.0,131062000.0,-57815000.0,-3.95,932424000.0,0
CSAN3,44669678000.0,3154581000.0,-418732000.0,-4.61,9631327000.0,44503981000.0,2229553000.0,-446741000.0,-5.82,10010456000.0,0
TIMS3,5851610000.0,779511000.0,412436000.0,1.64,5640155000.0,1451000000.0,1039000000.0,626000000.0,2.47,5863000000.0,0
ECOR3,10493716000.0,601698000.0,113032000.0,4.67,1604337000.0,12192841000.0,683879000.0,123712000.0,4.73,2009554000.0,0
ENEV3,17604834000.0,753213000.0,222668000.0,1.77,2459203000.0,16576348000.0,806827000.0,389928000.0,3.01,2523334000.0,0
BRKM5,22425699000.0,496069000.0,242448000.0,2.36,19446048000.0,21953684000.0,-1640211000.0,-823348000.0,-10.65,17756177000.0,0
STBP3,-248467000.0,94290000.0,45860000.0,2.14,426940000.0,-177527000.0,162926000.0,94399000.0,4.33,507253000.0,0
BEEF3,7704769000.0,400861000.0,113964000.0,22.45,6381473000.0,7696166000.0,571405000.0,120732000.0,28.8,7276483000.0,0
MRFG3,43981159000.0,-266100000.0,-1568280000.0,-13.42,31757480000.0,43535895000.0,-87875000.0,-1820730000.0,-19.35,32513916000.0,1
EQTL3,32788578000.0,1873690000.0,287879000.0,0.92,10176570000.0,33580557000.0,1801776000.0,670650000.0,2.78,9201477000.0,0
CSNA3,27143838000.0,580520000.0,-822548000.0,-4.82,11318690000.0,28489685000.0,1140964000.0,283298000.0,0.99,10989111000.0,0
YDUQ3,4190685000.0,309259000.0,149490000.0,4.8,1313329000.0,4266526000.0,213011000.0,32049000.0,1.02,1307960000.0,0
QUAL3,1465410000.0,90871000.0,19097000.0,1.22,457348000.0,1367338000.0,79900000.0,15500000.0,0.99,435000000.0,0
JBSS3,83342561000.0,-594784000.0,-1429501000.0,-3.25,86683729000.0,80250283000.0,1539791000.0,-198167000.0,-0.62,89382631000.0,0
DXCO3,4062724000.0,379320000.0,154329000.0,2.49,1712018000.0,4322828000.0,365719000.0,157383000.0,2.61,1953755000.0,0
NTCO3,9442970000.0,27436000.0,-652154000.0,-2.96,7320156000.0,9933313000.0,-132117000.0,-731908000.0,-3.56,7773542000.0,0
CEAB3,766613000.0,-93195000.0,-126300000.0,-4.4,1240600000.0,745406000.0,101931000.0,4224000.0,0.15,1642961000.0,0
EMBR3,6643973000.0,-270680000.0,-378400000.0,-2.88,3726000000.0,6556296000.0,350180000.0,-132403000.0,-0.79,6359821000.0,1
VIVA3,-69645000.0,48234000.0,38571000.0,2.28,391627000.0,13461000.0,126235000.0,109984000.0,6.1,559909000.0,0
CYRE3,1876401000.0,177450000.0,191060000.0,2.26,1283430000.0,1958542000.0,318666000.0,308025000.0,3.72,1633055000.0,0
GUAR3,1717949000.0,-68270000.0,-175667000.0,-3.46,1827099000.0,1706150000.0,83288000.0,-17616000.0,-0.35,2138896000.0,0
ARZZ3,277025000.0,104824000.0,63385000.0,2.32,1025291000.0,345987000.0,125468000.0,100462000.0,3.62,1131023000.0,0
TOTS3,-840917000.0,188913000.0,99547000.0,2.19,1064142000.0,-974137000.0,168858000.0,103897000.0,2.17,1087915000.0,0
EGIE3,14627252000.0,1836760000.0,882222000.0,9.54,2913748000.0,13291373000.0,1478223000.0,732645000.0,8.78,2609533000.0,0
ALPA4,901106000.0,-288064000.0,-199691000.0,-3.62,902486000.0,936861000.0,-65086000.0,-53095000.0,-1.0,926359000.0,0
TEND3,757530000.0,21214000.0,-43685000.0,-6.22,651443000.0,628028000.0,14278000.0,-11868000.0,-1.53,710452000.0,1
UGPA3,8763953000.0,677800000.0,273800000.0,2.2,30551800000.0,8507490000.0,514602000.0,238691000.0,1.77,29592540000.0,0
CPFE3,7795905000.0,2990780000.0,1650675000.0,8.93,9839240000.0,19397499000.0,2497917000.0,1246952000.0,6.67,9388917000.0,0
SLCE3,2701680000.0,973276000.0,574975000.0,10.33,3074186000.0,3764356000.0,644004000.0,348719000.0,6.31,2130192000.0,0
VIVT3,13802162000.0,1675885000.0,834588000.0,1.21,12720910000.0,12862683000.0,1872454000.0,1120985000.0,1.64,12732709000.0,0
FLRY3,2410000000.0,214520000.0,93820000.0,3.37,1240000000.0,3310000000.0,197760000.0,74040000.0,1.46,1660000000.0,0
MOVI3,11350953000.0,485309000.0,21045000.0,0.74,2703206000.0,11394746000.0,501037000.0,-17864000.0,-0.58,2479144000.0,1
ODPV3,-248360000.0,176820000.0,139668000.0,11.44,521558000.0,-312000000.0,168996000.0,122980000.0,9.02,535214000.0,0
PDGR3,2644061000.0,-48280000.0,-208970000.0,-4.18,6052000.0,1297462000.0,10042000.0,-131773000.0,-2.51,35567000.0,0
NGRD3,-176889000.0,-92000.0,3059000.0,0.76,69877000.0,-161267000.0,-7615000.0,-3517000.0,-0.68,65685000.0,0
SBSP3,15810160000.0,1392470000.0,747210000.0,2.66,5698370000.0,16448838000.0,1070881000.0,743743000.0,2.59,6154537000.0,0
EZTC3,-180365000.0,29190000.0,46030000.0,0.94,250780000.0,-98261000.0,58201000.0,75512000.0,1.65,242732000.0,1
JHSF3,2196867000.0,190400000.0,86861000.0,1.75,354834000.0,2389505000.0,165220000.0,108608000.0,2.24,394414000.0,0
AZEV4,-3243000.0,-11657000.0,-20089000.0,-26.12,154822000.0,42218000.0,31054000.0,42312000.0,35.49,147916000.0,2
ENJU3,-301244000.0,-15177000.0,-9028000.0,-2.4,35867000.0,-294388000.0,-10895000.0,-4866000.0,-1.3,40083000.0,0
CASH3,-626385000.0,-32964000.0,-11869000.0,-1.36,98677000.0,-394670000.0,-16407000.0,-15532000.0,-1.73,72152000.0,0
DIRR3,340907000.0,102898000.0,72265000.0,4.35,557269000.0,358715000.0,129488000.0,114772000.0,7.17,605408000.0,0
MYPK3,4337638000.0,165760000.0,402000.0,-0.42,3998153000.0,3737960000.0,245625000.0,82105000.0,1.57,3801203000.0,1
FESA4,-686839000.0,141850000.0,131560000.0,4.15,716370000.0,-714573000.0,97980000.0,121775000.0,3.78,626128000.0,0
SRNA3,7533311000.0,120412000.0,-84014000.0,-1.66,583331000.0,8313690000.0,118248000.0,-101364000.0,-2.04,609411000.0,0
ELET6,35434800000.0,3986877000.0,405963000.0,0.44,9209833000.0,37175921000.0,5697633000.0,1618904000.0,1.51,9245530000.0,0
BLAU3,-304135000.0,51278000.0,51526000.0,2.83,258201000.0,-147983000.0,86246000.0,70110000.0,3.78,364309000.0,0
IRBR3,-4230691000.0,-115040000.0,8550000.0,0.21,1661700000.0,-3957609000.0,-113871000.0,20085000.0,0.49,1478646000.0,1
ENAT3,-12508000.0,175887000.0,118444000.0,2.84,445692000.0,119767000.0,91215000.0,41106000.0,1.01,420104000.0,2
PSSA3,-10723218000.0,422088000.0,355476000.0,3.15,7610291000.0,-11317337000.0,610845000.0,693354000.0,5.9,7878984000.0,0
AERI3,989587000.0,80200000.0,-22206000.0,-2.57,831622000.0,938618000.0,74579000.0,-19097000.0,-2.26,854602000.0,0
GFSA3,1484529000.0,-40860000.0,-34020000.0,-1.91,292510000.0,1627856000.0,-44566000.0,-90963000.0,-5.12,284232000.0,0
SBFG3,1365802000.0,106932000.0,1512000.0,0.08,1472122000.0,2652167000.0,48971000.0,-32581000.0,-1.46,1593145000.0,0
CMIG3,7322212000.0,1859305000.0,1398206000.0,6.13,8646937000.0,8105244000.0,1575671000.0,1245382000.0,5.27,8819517000.0,1
SMTO3,6587373000.0,318227000.0,151877000.0,2.57,1814218000.0,6685428000.0,380490000.0,220268000.0,3.62,1342587000.0,1
POSI3,921600000.0,72300000.0,8500000.0,0.54,702900000.0,884854000.0,83795000.0,21332000.0,1.46,754507000.0,0
GRND3,-1620182000.0,77640000.0,123120000.0,3.63,520110000.0,-662976000.0,11000.0,57246000.0,1.7,463619000.0,0
EVEN3,-109080000.0,66946000.0,75254000.0,2.79,624590000.0,-7764000.0,62918000.0,75872000.0,2.77,758732000.0,0
SAPR4,3966158000.0,547610000.0,319570000.0,3.51,1453960000.0,4460285000.0,545510000.0,422108000.0,4.64,1536029000.0,1
MILS3,436521000.0,109020000.0,66380000.0,5.16,324700000.0,522256000.0,108691000.0,64101000.0,4.79,338019000.0,1
RCSL3,-1143000.0,-230000.0,-280000.0,-27.47,18820000.0,-266000.0,130000.0,-745000.0,-168.59,15530000.0,0
MTRE3,322565000.0,20581000.0,18680000.0,1.91,190651000.0,402960000.0,43097000.0,55927000.0,5.45,180476000.0,0
BMOB3,-574734000.0,24840000.0,17098000.0,1.6,315997000.0,-543828000.0,20241000.0,13951000.0,1.31,318858000.0,0
ARML3,1335853000.0,93645000.0,26222000.0,2.3,291491000.0,1374848000.0,111516000.0,43435000.0,3.7,310938000.0,0
LEVE3,23203000.0,234800000.0,185946000.0,10.79,1022151000.0,187871000.0,228415000.0,192914000.0,13.54,1120797000.0,1
MDIA3,1525852000.0,136900000.0,69933000.0,1.03,2437403000.0,1155921000.0,287184000.0,217892000.0,3.11,2849431000.0,0
PGMN3,1375729000.0,37044000.0,-62937000.0,-2.76,2620371000.0,1376225000.0,118817000.0,-37295000.0,-1.65,2836705000.0,0
TUPY3,2235668000.0,217262000.0,145276000.0,4.57,2804406000.0,2230984000.0,179414000.0,61870000.0,1.93,2965864000.0,0
ZAMP3,641507000.0,-2760000.0,-55170000.0,-3.86,885210000.0,734868000.0,5645000.0,-63497000.0,-4.64,934685000.0,2
MDNE3,-117408000.0,34420000.0,30420000.0,2.53,253100000.0,-72957000.0,53970000.0,45225000.0,3.61,313329000.0,1
DASA3,9650607000.0,438746000.0,-167750000.0,-2.45,3534000000.0,8294878000.0,215371000.0,-284057000.0,-3.47,3630941000.0,0
VULC3,99694000.0,93225000.0,83630000.0,4.66,571118000.0,100807000.0,144903000.0,138951000.0,7.34,723920000.0,1
TRIS3,660346000.0,38980000.0,31022000.0,2.15,243210000.0,714333000.0,36571000.0,29450000.0,2.2,267079000.0,0
JSLG3,4333911000.0,209536000.0,26784000.0,1.86,1563578000.0,4980649000.0,505860000.0,205247000.0,12.47,1839575000.0,0
BIOM3,99015000.0,-15390000.0,-17930000.0,-14.86,34280000.0,109726000.0,-18509000.0,-20222000.0,-16.72,30774000.0,0
MATD3,905365000.0,106200000.0,32582000.0,1.82,524059000.0,953332000.0,122133000.0,44944000.0,2.73,554155000.0,0
PORT3,2398791000.0,148287000.0,85288000.0,3.67,570239000.0,2462925000.0,167635000.0,111277000.0,4.83,593535000.0,0
SHUL4,109537000.0,91940000.0,75950000.0,6.61,490970000.0,51469000.0,71698000.0,62422000.0,5.22,485964000.0,2
PTBL3,735200000.0,19800000.0,-15000000.0,-3.27,487800000.0,855765000.0,29002000.0,-38297000.0,-10.24,548825000.0,0
TAEE4,8312991000.0,729623000.0,386772000.0,9.58,692915000.0,8102490000.0,470720000.0,220326000.0,3.3,678504000.0,0
LUPA3,139887000.0,-5425000.0,-10080000.0,-5.78,21392000.0,147559000.0,-10389000.0,-14511000.0,-9.25,19672000.0,0
WIZC3,111953000.0,85851000.0,34620000.0,3.56,260205000.0,43057000.0,98059000.0,43188000.0,6.01,251711000.0,0
SYNE3,678415000.0,37040000.0,-12320000.0,-0.98,99250000.0,690674000.0,38087000.0,-1618000.0,-0.27,103973000.0,1
POMO3,956419000.0,258134000.0,236276000.0,7.66,1653970000.0,1069223000.0,122019000.0,140456000.0,4.28,1364476000.0,2
SOJA3,48517000.0,-35800000.0,-13580000.0,-2.38,115810000.0,345630000.0,37293000.0,27834000.0,3.39,134428000.0,2
MBLY3,-26973000.0,-18280000.0,-22540000.0,-4.24,146740000.0,10490000.0,-21388000.0,-17147000.0,-3.33,128154000.0,1
VLID3,549871000.0,101521000.0,59639000.0,4.65,529279000.0,456756000.0,103315000.0,55195000.0,4.45,534356000.0,2
LIGT3,8736407000.0,478506000.0,107145000.0,3.63,3613758000.0,8555556000.0,286754000.0,109387000.0,3.57,3346612000.0,0
SEER3,1033644000.0,36657000.0,-28352000.0,-2.34,424547000.0,518383000.0,84603000.0,31383000.0,2.53,506049000.0,1
ESPA3,46271000.0,47334000.0,5999000.0,0.78,267434000.0,713394000.0,27338000.0,-11044000.0,-1.12,236232000.0,1
MEAL3,317627000.0,-11611000.0,-57260000.0,-5.39,529977000.0,353068000.0,32675000.0,35068000.0,3.25,605836000.0,0
HBOR3,1551854000.0,42870000.0,27840000.0,0.48,270250000.0,1642647000.0,44989000.0,32517000.0,0.51,334239000.0,0
OIBR4,20956798000.0,-102677000.0,-1267087000.0,-5.47,2535792000.0,21232781000.0,-266082000.0,-844524000.0,-3.53,2454171000.0,0
UNIP6,19655000.0,433311000.0,252961000.0,9.84,1567754000.0,-33486000.0,311319000.0,186336000.0,7.11,1319629000.0,0
TECN3,12748000.0,3702000.0,3009000.0,0.86,63520000.0,-2291000.0,16814000.0,15095000.0,4.11,87355000.0,0
RSID3,605895000.0,-24350000.0,-50010000.0,-4.22,-27319000.0,612506000.0,-32521000.0,-42812000.0,-3.59,14091000.0,0
AGRO3,658282000.0,45426000.0,-3293000.0,-0.16,249197000.0,459929000.0,225155000.0,242708000.0,11.05,544286000.0,0
TGMA3,-77529000.0,44077000.0,34723000.0,4.31,336038000.0,-66392000.0,47506000.0,39856000.0,4.95,366651000.0,2
TASA4,94178000.0,56090000.0,35400000.0,3.38,453230000.0,243914000.0,73298000.0,48863000.0,4.62,470285000.0,1
AZEV3,-3243000.0,-11657000.0,-20089000.0,-26.12,154822000.0,42218000.0,31054000.0,42312000.0,35.49,147916000.0,2
SHOW3,-81533000.0,25785000.0,13944000.0,9.04,243936000.0,21122000.0,20837000.0,16280000.0,10.92,57450000.0,0
PNVL3,811213000.0,37563000.0,18216000.0,1.62,1027411000.0,805971000.0,40209000.0,22030000.0,1.96,1081375000.0,0
AMAR3,1217250000.0,-85120000.0,-148970000.0,-40.44,560300000.0,1051041000.0,-35967000.0,-63408000.0,-20.84,547482000.0,0
TAEE3,8312991000.0,729623000.0,386772000.0,9.58,692915000.0,8102490000.0,470720000.0,220326000.0,3.3,678504000.0,0
FRAS3,-35401000.0,147152000.0,90448000.0,4.88,838774000.0,-120207000.0,156024000.0,98235000.0,5.09,919552000.0,1
AGXY3,1214271000.0,168630000.0,101290000.0,-3.02,2785290000.0,928932000.0,-194480000.0,-388662000.0,-36.85,1832007000.0,0
PRNR3,67326000.0,24060000.0,8870000.0,3.19,241260000.0,196805000.0,24289000.0,8949000.0,2.79,253934000.0,0
MELK3,-182349000.0,17000000.0,27060000.0,1.64,298970000.0,-171834000.0,11830000.0,27994000.0,2.34,241671000.0,0
DMVF3,-30196000.0,5654000.0,-1610000.0,-0.19,405486000.0,-24429000.0,16041000.0,7948000.0,0.93,433694000.0,2
SAPR3,3966158000.0,547610000.0,319570000.0,3.51,1453960000.0,4460285000.0,545510000.0,422108000.0,4.64,1536029000.0,1
PFRM3,526826000.0,31585000.0,-5612000.0,-0.42,2023366000.0,868781000.0,73537000.0,17747000.0,1.24,2133798000.0,1
ETER3,33343000.0,31417000.0,22006000.0,3.17,296376000.0,76248000.0,2719000.0,1149000.0,0.16,259585000.0,0
RCSL4,-1143000.0,-230000.0,-280000.0,-27.47,18820000.0,-266000.0,130000.0,-745000.0,-168.59,15530000.0,0
ITSA3,5956000000.0,3323000000.0,2896000000.0,3.8,1712000000.0,5000000000.0,4141000000.0,3691000000.0,4.67,1954000000.0,0
CSUD3,13748000.0,27435000.0,20201000.0,5.1,132842000.0,16414000.0,27385000.0,20486000.0,5.18,129356000.0,1
LPSB3,-54551000.0,9119000.0,74250000.0,2.38,42282000.0,-50408000.0,12456000.0,8350000.0,2.31,46611000.0,0
CAMB3,86446000.0,27867000.0,20257000.0,10.87,113975000.0,60683000.0,29370000.0,21772000.0,10.72,117431000.0,1
RNEW4,965263000.0,-6102000.0,-44439000.0,-4.95,66064000.0,993960000.0,-1777000.0,-42732000.0,-5.0,53861000.0,0
INEP3,876187000.0,-10193000.0,-70556000.0,-4.17,1284000.0,914519000.0,-14333000.0,-74277000.0,-4.18,1282000.0,0
VIVR3,-2614000.0,-26210000.0,-25980000.0,-78.65,18360000.0,2312000.0,-15965000.0,-15027000.0,-80.51,11638000.0,2
INEP4,876187000.0,-10193000.0,-70556000.0,-4.17,1284000.0,914519000.0,-14333000.0,-74277000.0,-4.18,1282000.0,0
TCSA3,468664000.0,9540000.0,4670000.0,0.7,139730000.0,502371000.0,9438000.0,4789000.0,0.76,101811000.0,1
RNEW3,965263000.0,-6102000.0,-44439000.0,-4.95,66064000.0,993960000.0,-1777000.0,-42732000.0,-5.0,53861000.0,0
EUCA4,545171000.0,57500000.0,76900000.0,3.68,678600000.0,550335000.0,94701000.0,55458000.0,2.59,651254000.0,0
DEXP3,33432000.0,88710000.0,54270000.0,7.4,469145000.0,-57276000.0,69892000.0,48979000.0,6.27,442714000.0,2
GOAU3,5458961000.0,4288523000.0,3236531000.0,6.33,18872303000.0,5547638000.0,2852794000.0,2132522000.0,4.05,18265370000.0,0
SCAR3,1748366000.0,70808000.0,14602000.0,0.98,211491000.0,1595700000.0,123432000.0,47479000.0,3.11,314642000.0,0
PMAM3,3380221000.0,-104390000.0,-178890000.0,-5.97,441920000.0,3466561000.0,-392912000.0,-613263000.0,-16.91,263546000.0,0
GGBR3,6436107000.0,4292437000.0,3215399000.0,6.59,18872303000.0,6510604000.0,2884904000.0,2142723000.0,4.36,18265370000.0,0
PDTC3,71918000.0,1569000.0,677000.0,0.5,79164000.0,76995000.0,6564000.0,807000.0,0.6,96903000.0,0
AALR3,860225000.0,24951000.0,-33693000.0,-3.99,289650000.0,895625000.0,22822000.0,-50247000.0,-5.96,299416000.0,0
HAGA4,-17699000.0,-480000.0,-131000.0,-0.23,7628000.0,-18469000.0,713000.0,1038000.0,-1.87,6960000.0,0
RAPT3,3321200000.0,376755000.0,186840000.0,4.29,2658168000.0,3226436000.0,376434000.0,187126000.0,3.98,2776867000.0,0
EQPA3,4105854000.0,576540000.0,424970000.0,12.86,2333960000.0,3751380000.0,739225000.0,519256000.0,13.62,2409930000.0,1
IGTI3,1927269000.0,130230000.0,48810000.0,1.18,267130000.0,1934192000.0,148016000.0,78702000.0,1.89,299273000.0,0
UCAS3,-36379000.0,2111000.0,3524000.0,1.84,48710000.0,-14651000.0,513000.0,1213000.0,0.63,51017000.0,0
TPIS3,1591170000.0,-38400000.0,-81730000.0,-9.66,208400000.0,1571559000.0,-28504000.0,-65568000.0,-8.48,204327000.0,0
JFEN3,599250000.0,-11340000.0,40080000.0,-6.25,42380000.0,592436000.0,11733000.0,817000.0,-0.18,19771000.0,0
WEST3,-120251000.0,-16491000.0,-13479000.0,-4.56,44445000.0,-123264000.0,-14835000.0,-9080000.0,-3.17,45743000.0,2
BRKM3,22425699000.0,496069000.0,242448000.0,2.36,19446048000.0,21953684000.0,-1640211000.0,-823348000.0,-10.65,17756177000.0,0
CEBR6,-710372000.0,60475000.0,64842000.0,5.09,92560000.0,-624622000.0,51625000.0,51609000.0,3.91,82536000.0,1
CEBR3,-710372000.0,60475000.0,64842000.0,5.09,92560000.0,-624622000.0,51625000.0,51609000.0,3.91,82536000.0,0
ENGI4,21885504000.0,1490030000.0,508997000.0,3.52,6540522000.0,22534521000.0,1383526000.0,656714000.0,4.09,6586066000.0,0
ATOM3,-26136000.0,2251000.0,2521000.0,10.04,10333000.0,-18358000.0,-871000.0,-523000.0,-2.69,4665000.0,0
NUTR3,7931000.0,1594000.0,219000.0,0.69,27787000.0,5411000.0,1003000.0,-17000.0,-0.05,43265000.0,0
UNIP3,19655000.0,433311000.0,252961000.0,9.84,1567754000.0,-33486000.0,311319000.0,186336000.0,7.11,1319629000.0,0
VSTE3,244762000.0,7210000.0,6571000.0,0.64,265169000.0,258728000.0,4261000.0,5157000.0,0.5,288279000.0,0
ALUP3,8928705000.0,776774000.0,387328000.0,3.21,1003997000.0,9091521000.0,598280000.0,338097000.0,2.98,780156000.0,0
SNSY5,127377000.0,15177000.0,-33819000.0,-1.79,214340000.0,124681000.0,26464000.0,-20498000.0,-1.11,220611000.0,0
LOGN3,872598000.0,98110000.0,38406000.0,4.19,559663000.0,905617000.0,80587000.0,17056000.0,1.81,554587000.0,0
GEPA4,611147000.0,198070000.0,112850000.0,5.69,383730000.0,589060000.0,128306000.0,79547000.0,3.85,318726000.0,1
ALUP4,8928705000.0,776774000.0,387328000.0,3.21,1003997000.0,9091521000.0,598280000.0,338097000.0,2.98,780156000.0,0
CEBR5,-710372000.0,60475000.0,64842000.0,5.09,92560000.0,-624622000.0,51625000.0,51609000.0,3.91,82536000.0,0
WHRL4,-778429000.0,168670000.0,68980000.0,2.99,2617600000.0,-746855000.0,257474000.0,126297000.0,5.27,2634197000.0,0
OSXB3,1872391000.0,-3574000.0,-212856000.0,-3.56,9850000.0,5692563000.0,-12819000.0,-203126000.0,-3.37,10291000.0,0
PTNT4,146403000.0,25708000.0,19465000.0,2.74,219351000.0,102777000.0,23295000.0,-14350000.0,-3.97,199499000.0,2
ENGI3,21885504000.0,1490030000.0,508997000.0,3.52,6540522000.0,22534521000.0,1383526000.0,656714000.0,4.09,6586066000.0,1
EPAR3,31772000.0,13260000.0,6980000.0,5.73,207590000.0,5542000.0,17270000.0,13363000.0,9.88,199284000.0,2
FHER3,-28628000.0,-150906000.0,-131540000.0,-55.51,1377514000.0,-36775000.0,-148818000.0,-135338000.0,-133.15,887304000.0,0
BOBR4,335948000.0,53040000.0,18890000.0,-13.81,359260000.0,371038000.0,52291000.0,19612000.0,-16.74,339217000.0,1
CRPG5,-134521000.0,32730000.0,29570000.0,3.53,177390000.0,-96675000.0,-813000.0,10383000.0,1.48,138491000.0,0
BAHI3,177193000.0,-7610000.0,-17872000.0,-30.31,86779000.0,167306000.0,1138000.0,-14127000.0,-22.0,100934000.0,0
NEXP3,48337000.0,-13298000.0,-17843000.0,-18.42,30066000.0,50187000.0,26464000.0,29871000.0,-23.2,37420000.0,0
EMAE4,-447375000.0,1038000.0,18882000.0,1.65,137552000.0,-468834000.0,10281000.0,37848000.0,3.39,138754000.0,0
MTSA4,-76640000.0,26330000.0,19180000.0,4.8,162600000.0,-93920000.0,20990000.0,23500000.0,5.63,168530000.0,1
TASA3,94178000.0,56090000.0,35400000.0,3.38,453230000.0,243914000.0,73298000.0,48863000.0,4.62,470285000.0,1
