Empresa,1T_Dívida Líquida,1T_EBIT,1T_Lucro Líquido,1T_ROE,1T_Receita Líquida,2T_Dívida Líquida,2T_EBIT,2T_Lucro Líquido,2T_ROE,2T_Receita Líquida,3T_Dívida Líquida,3T_EBIT,3T_Lucro Líquido,3T_ROE,3T_Receita Líquida,Classificação
PETR4 - 2022,189848000000.0,65398000000.0,44783000000.0,10.26,141641000000.0,180367000000.0,96434000000.0,54484000000.0,13.23,170960000000.0,256715000000.0,74612000000.0,46236000000.0,12.37,170076000000.0,0
OIBR3 - 2022,28541960000.0,-369370000.0,1783950000.0,172.14,2486940000.0,16167680000.0,-611400000.0,-320660000.0,-41.52,2579520000.0,18365367000.0,-992420000.0,-3062460000.0,-134.16,2770060000.0,0
B3SA3 - 2022,-5093250000.0,1430770000.0,1101040000.0,5.05,2284700000.0,-2477130000.0,1399600000.0,1092280000.0,5.29,2241630000.0,-2874606000.0,1415720000.0,1030000000.0,5.04,2510000000.0,0
ITSA4 - 2022,4888000000.0,4167000000.0,3859000000.0,5.67,2131000000.0,5137000000.0,3270000000.0,3181000000.0,4.56,2214000000.0,7387000000.0,3961000000.0,3651000000.0,5.02,2161000000.0,0
ABEV3 - 2022,-11247310000.0,4162330000.0,3528840000.0,4.32,18439150000.0,-12468933000.0,4034080000.0,3064050000.0,3.44,17989000000.0,-16079870000.0,4054970000.0,3215010000.0,3.45,20587640000.0,0
SOMA3 - 2022,893720000.0,41540000.0,42530000.0,0.59,1017660000.0,997860000.0,140970000.0,118050000.0,1.62,1205380000.0,882513000.0,155310000.0,102140000.0,1.38,1289950000.0,0
BHIA3 - 2022,-1781000000.0,386000000.0,18000000.0,0.32,7399000000.0,-1286000000.0,446000000.0,6000000.0,0.11,7646000000.0,8084000000.0,68000000.0,-203000000.0,-3.69,7008000000.0,0
CMIG4 - 2022,7465000000.0,1632900000.0,1455570000.0,7.04,7847448000.0,7543350000.0,65670000.0,49880000.0,0.24,8213380000.0,6599267000.0,1501690000.0,1182350000.0,5.61,9223311000.0,1
RAIL3 - 2022,10671321000.0,478210000.0,-68250000.0,-0.45,2206360000.0,10560041000.0,675330000.0,30130000.0,0.23,2464630000.0,10192208000.0,993420000.0,309140000.0,2.04,2950600000.0,0
CPLE6 - 2022,7860526000.0,1170480000.0,669790000.0,2.91,5587750000.0,9233883000.0,387910000.0,-522370000.0,-2.6,5258570000.0,9006525000.0,792350000.0,378390000.0,1.73,5454720000.0,1
AZUL4 - 2022,19858480000.0,-149840000.0,2667050000.0,-17.05,3193040000.0,22071860000.0,136470000.0,-2480470000.0,-13.69,3924760000.0,21839457000.0,351230000.0,-2014990000.0,-10.01,4376810000.0,0
PETR3 - 2022,189848000000.0,65398000000.0,44783000000.0,10.26,141641000000.0,180367000000.0,96434000000.0,54484000000.0,13.23,170960000000.0,256715000000.0,74612000000.0,46236000000.0,12.37,170076000000.0,1
ALOS3 - 2022,-39340000.0,144500000.0,69430000.0,0.82,267360000.0,-37540000.0,107260000.0,37620000.0,0.35,258460000.0,-2633946000.0,160950000.0,108440000.0,1.35,273000000.0,0
PETZ3 - 2022,-326950000.0,24640000.0,2550000.0,0.14,632310000.0,-246680000.0,38370000.0,20470000.0,1.14,674300000.0,-265385000.0,37470000.0,10580000.0,0.58,739900000.0,0
HBSA3 - 2022,3693010000.0,160590000.0,33240000.0,2.5,456690000.0,4070890000.0,90150000.0,22040000.0,1.63,412290000.0,241929000.0,76000000.0,92650000.0,6.34,453310000.0,0
PRIO3 - 2022,-633290000.0,950710000.0,1068970000.0,15.9,1530000000.0,86640000.0,1022640000.0,639080000.0,7.82,1873990000.0,-113405000.0,1277590000.0,792310000.0,8.58,1985790000.0,0
MRVE3 - 2022,4776620000.0,116090000.0,78210000.0,1.18,1675100000.0,4735890000.0,341780000.0,86860000.0,0.94,1601640000.0,6202217000.0,-84820000.0,7310000.0,0.03,1694860000.0,0
POMO4 - 2022,1129440000.0,24680000.0,98040000.0,3.4,958650000.0,1294910000.0,22640000.0,26850000.0,1.09,1151790000.0,1439350000.0,58630000.0,46650000.0,1.94,1516290000.0,0
CPLE3 - 2022,7860526000.0,1170480000.0,669790000.0,2.91,5587750000.0,9233883000.0,387910000.0,-522370000.0,-2.6,5258570000.0,9006525000.0,792350000.0,378390000.0,1.73,5454720000.0,1
CMIN3 - 2022,-3275471000.0,2069700000.0,739140000.0,5.01,3891710000.0,-931761000.0,663600000.0,825720000.0,6.48,2679300000.0,-1536389000.0,683960000.0,514060000.0,3.9,2723540000.0,1
CCRO3 - 2022,20914740000.0,6426560000.0,3438390000.0,30.08,8263180000.0,-3751184000.0,1334100000.0,288210000.0,2.49,3416720000.0,20378624000.0,1695890000.0,641210000.0,4.92,3652230000.0,0
GGBR4 - 2022,5176810000.0,5013530000.0,2940390000.0,6.91,20330490000.0,4690040000.0,5790640000.0,4298500000.0,9.05,22968440000.0,5100265000.0,4462520000.0,3022250000.0,6.12,21149230000.0,1
GOAU4 - 2022,4390920000.0,5009840000.0,2952260000.0,6.6,20330490000.0,4049310000.0,5758670000.0,4267120000.0,8.46,22968442000.0,4459540000.0,4461160000.0,3035560000.0,5.99,21149230000.0,1
RAPT4 - 2022,2943840000.0,340490000.0,170330000.0,4.96,2476350000.0,2854080000.0,300850000.0,158230000.0,3.86,2772320000.0,2753810000.0,357410000.0,208180000.0,5.33,3055830000.0,0
SUZB3 - 2022,49921420000.0,3389080000.0,10306110000.0,40.76,9742840000.0,55156460000.0,4587440000.0,181790000.0,0.73,11519660000.0,58192932000.0,6947380000.0,5448100000.0,19.48,14198750000.0,1
WEGE3 - 2022,-186040000.0,1098590000.0,953480000.0,7.6,6828110000.0,-218620000.0,1121440000.0,926120000.0,6.81,7185790000.0,762550000.0,1425950000.0,1174200000.0,8.63,7911190000.0,0
RRRP3 - 2022,-1561440000.0,138090000.0,-335180000.0,-7.69,375290000.0,-395490000.0,166640000.0,32090000.0,1.36,399620000.0,546926000.0,108160000.0,469770000.0,10.0,502370000.0,0
RADL3 - 2022,1702920000.0,275800000.0,143910000.0,2.96,6562510000.0,1550770000.0,645610000.0,363490000.0,7.08,7178760000.0,1893848000.0,459090000.0,219980000.0,4.26,7489870000.0,0
VBBR3 - 2022,9591000000.0,991000000.0,325000000.0,2.58,38381000000.0,13016000000.0,1679000000.0,707000000.0,5.41,47154000000.0,13004000000.0,264000000.0,-61000000.0,-0.48,50834000000.0,0
ANIM3 - 2022,3710700000.0,185200000.0,-83360000.0,-3.16,902380000.0,3850090000.0,107080000.0,-45860000.0,-3.03,910470000.0,3805436000.0,114950000.0,-28770000.0,-1.77,905240000.0,0
CSAN3 - 2022,43337250000.0,1146910000.0,575840000.0,3.26,7904890000.0,27656665000.0,1905550000.0,51870000.0,-0.8,9571090000.0,43196868000.0,1641770000.0,440870000.0,-0.09,11507300000.0,1
TIMS3 - 2022,-4638550000.0,694900000.0,405370000.0,1.6,4727190000.0,14460540000.0,732230000.0,279540000.0,1.1,5368080000.0,13017795000.0,761870000.0,447660000.0,1.77,5611160000.0,0
BRKM5 - 2022,18908970000.0,3770280000.0,3947380000.0,33.49,26731440000.0,20885380000.0,1654580000.0,-1462700000.0,-14.85,25411300000.0,22488024000.0,690260000.0,-1421790000.0,-12.69,25386780000.0,0
STBP3 - 2022,-708010000.0,128060000.0,94240000.0,4.19,440140000.0,-679440000.0,153140000.0,102410000.0,4.35,500940000.0,-427865000.0,154330000.0,109770000.0,5.13,521890000.0,0
BEEF3 - 2022,9466034000.0,551010000.0,114590000.0,23.59,7229170000.0,8408180000.0,671040000.0,424670000.0,60.82,8471760000.0,8240685000.0,703560000.0,141480000.0,22.75,8437670000.0,0
MRFG3 - 2022,24479100000.0,2310920000.0,492400000.0,3.24,22340810000.0,40966920000.0,5471330000.0,3852480000.0,61.04,34485640000.0,44023510000.0,2023240000.0,51300000.0,6.17,36416640000.0,0
EQTL3 - 2022,23190100000.0,1269540000.0,678600000.0,3.61,5843190000.0,22829590000.0,1176220000.0,-112470000.0,-1.08,6492110000.0,23329755000.0,1229960000.0,584520000.0,3.1,6880280000.0,0
CSNA3 - 2022,17584070000.0,3555330000.0,1363940000.0,5.51,11769870000.0,18198960000.0,1771280000.0,369330000.0,0.93,10565920000.0,21382322000.0,1126920000.0,237630000.0,0.63,10897050000.0,1
YDUQ3 - 2022,3824956000.0,219560000.0,76040000.0,2.32,1192970000.0,4169099000.0,125900000.0,-63330000.0,-2.03,1134860000.0,4255609000.0,197570000.0,16140000.0,0.48,1135490000.0,0
QUAL3 - 2022,1346090000.0,153670000.0,76360000.0,5.51,502210000.0,1476330000.0,132080000.0,51920000.0,3.54,489040000.0,1544112000.0,127410000.0,51290000.0,3.4,507100000.0,0
JBSS3 - 2022,65249207000.0,7423190000.0,5438820000.0,11.91,90866570000.0,78085097000.0,7718740000.0,4284080000.0,9.21,92191390000.0,77667016000.0,7007530000.0,4263940000.0,9.06,98928160000.0,0
DXCO3 - 2022,3148600000.0,409400000.0,223720000.0,4.06,2131000000.0,3574100000.0,344400000.0,169190000.0,2.95,2213570000.0,3677769000.0,362400000.0,154150000.0,2.61,2161640000.0,0
NTCO3 - 2022,7330266000.0,-133530000.0,-642170000.0,0.0,8253300000.0,8763900000.0,-138990000.0,-766970000.0,-3.16,8702410000.0,9432360000.0,-32820000.0,-559470000.0,-2.44,9003730000.0,0
GUAR3 - 2022,1871660000.0,-85140000.0,-80140000.0,-1.55,1735910000.0,2368490000.0,112790000.0,26380000.0,0.51,2154280000.0,2278534000.0,84130000.0,3480000.0,0.07,1977980000.0,0
TOTS3 - 2022,-1202820000.0,123340000.0,84980000.0,1.84,981140000.0,-819710000.0,175140000.0,129140000.0,2.83,914570000.0,-824052000.0,175070000.0,155770000.0,4.15,974790000.0,0
EGIE3 - 2022,16005040000.0,1641490000.0,645050000.0,7.71,3062300000.0,16311350000.0,1456230000.0,394590000.0,4.98,2996270000.0,14353608000.0,1215810000.0,734300000.0,9.12,2746630000.0,0
ALPA4 - 2022,-1615910000.0,46890000.0,20800000.0,0.61,927210000.0,-48460000.0,87180000.0,63800000.0,1.12,1061350000.0,107901000.0,80160000.0,44920000.0,0.77,1089930000.0,0
TEND3 - 2022,581610000.0,-21700000.0,-68770000.0,5.87,581410000.0,661881000.0,-72590000.0,-116440000.0,-10.99,626900000.0,693051000.0,-139400000.0,-212680000.0,-24.94,573180000.0,0
UGPA3 - 2022,13943901000.0,564940000.0,461180000.0,4.29,31503290000.0,8448630000.0,823480000.0,459940000.0,4.18,36879380000.0,7683920000.0,551770000.0,82570000.0,0.67,39294730000.0,1
CPFE3 - 2022,18394380000.0,2172270000.0,1161980000.0,6.79,9287460000.0,20310310000.0,2374190000.0,1262580000.0,8.94,9324320000.0,19210020000.0,2449270000.0,1419210000.0,9.13,10005920000.0,0
SLCE3 - 2022,1881783000.0,1315600000.0,797060000.0,15.87,3495810000.0,3200003000.0,808310000.0,485580000.0,9.79,2388580000.0,3011180000.0,48230000.0,-78350000.0,-1.33,1383160000.0,0
VIVT3 - 2022,9125640000.0,1433430000.0,749930000.0,1.08,11351620000.0,13250236000.0,1477310000.0,745630000.0,1.12,11831310000.0,13720458000.0,1726490000.0,1436470000.0,2.08,12199000000.0,0
FLRY3 - 2022,2340000000.0,219120000.0,110830000.0,6.33,1090000000.0,2880000000.0,184580000.0,70920000.0,3.88,1110000000.0,2840000000.0,222940000.0,96680000.0,5.01,1150000000.0,0
MOVI3 - 2022,8228180000.0,650290000.0,258090000.0,7.96,1965790000.0,10111760000.0,664350000.0,186760000.0,6.54,2307590000.0,11479000000.0,624820000.0,93720000.0,3.37,2615770000.0,0
ODPV3 - 2022,-336410000.0,210710000.0,160950000.0,13.29,452500000.0,-254950000.0,124690000.0,99540000.0,8.57,460690000.0,-357080000.0,121010000.0,95890000.0,7.98,491220000.0,1
PDGR3 - 2022,1046610000.0,-108440000.0,44910000.0,-0.91,7820000.0,1081330000.0,3080000.0,350990000.0,-6.9,42650000.0,1130948000.0,6640000.0,-119430000.0,-2.44,23750000.0,0
EZTC3 - 2022,-792760000.0,77000000.0,110270000.0,2.39,287160000.0,-608920000.0,48740000.0,88760000.0,1.89,242560000.0,-412340000.0,88780000.0,109050000.0,2.36,280650000.0,0
JHSF3 - 2022,1389130000.0,225380000.0,166550000.0,3.71,461480000.0,1558649000.0,269220000.0,220680000.0,4.61,514450000.0,1885880000.0,224040000.0,159700000.0,2.96,520750000.0,0
AZEV4 - 2022,12850000.0,-12260000.0,11680000.0,9.84,70560000.0,14620000.0,-28360000.0,-21600000.0,-21.37,83990000.0,29218000.0,-62340000.0,-40890000.0,-32.8,110480000.0,0
ENJU3 - 2022,-365260000.0,-37890000.0,-31130000.0,-7.76,30500000.0,-342370000.0,-25330000.0,-18090000.0,-4.64,37520000.0,-342372000.0,-18160000.0,-10180000.0,-2.65,36690000.0,0
CASH3 - 2022,-502660000.0,-18830000.0,-6550000.0,-0.99,90050000.0,-775010000.0,-54830000.0,-28150000.0,-3.5,79080000.0,-776248000.0,-44970000.0,-18010000.0,-0.04,97790000.0,0
MYPK3 - 2022,4302640000.0,419900000.0,188710000.0,4.45,4277190000.0,4623370000.0,413900000.0,219190000.0,4.72,4192380000.0,4807107000.0,245500000.0,89590000.0,1.7,4318340000.0,0
FESA4 - 2022,-373350000.0,313870000.0,252270000.0,9.6,737740000.0,-435330000.0,408300000.0,380910000.0,13.39,917620000.0,-488051000.0,291830000.0,277310000.0,9.12,769500000.0,1
SRNA3 - 2022,5133080000.0,77220000.0,-95910000.0,-2.28,533920000.0,5707430000.0,78150000.0,-93260000.0,-2.32,513830000.0,6720190000.0,180360000.0,44150000.0,1.06,667950000.0,0
BLAU3 - 2022,-489429000.0,110190000.0,61150000.0,0.0,313340000.0,-482128000.0,115240000.0,112190000.0,6.53,365240000.0,-447373000.0,113090000.0,93910000.0,5.37,361630000.0,0
IRBR3 - 2022,-3952760000.0,-206120000.0,80490000.0,2.18,1728410000.0,-3952753000.0,-738200000.0,-373320000.0,-11.44,1691710000.0,-3861100000.0,-642620000.0,-298750000.0,-7.27,1746110000.0,0
ENAT3 - 2022,-1794264000.0,189746000.0,-98241000.0,-2.47,629606000.0,-992150000.0,254530000.0,280634000.0,7.15,721776000.0,-1018099000.0,-11968000.0,18894000.0,0.48,166849000.0,0
PSSA3 - 2022,-9210730000.0,93350000.0,175110000.0,1.88,5833140000.0,-9408220000.0,65050000.0,131460000.0,1.4,6722300000.0,-9408222000.0,103830000.0,276480000.0,2.74,7493280000.0,1
AERI3 - 2022,731440000.0,38980000.0,1250000.0,0.13,536760000.0,796110000.0,51400000.0,-28620000.0,-2.96,651730000.0,717188000.0,48530000.0,-25910000.0,-2.75,625620000.0,0
GFSA3 - 2022,1037510000.0,9630000.0,120000.0,0.01,195300000.0,1256230000.0,-11530000.0,-30230000.0,-1.69,263270000.0,1694883000.0,-23650000.0,-49360000.0,-2.83,351650000.0,0
SBFG3 - 2022,1891340000.0,93050000.0,17280000.0,0.96,1344630000.0,2108050000.0,70500000.0,31670000.0,1.41,1463010000.0,2353101000.0,53350000.0,14990000.0,0.64,1469980000.0,0
CMIG3 - 2022,7465000000.0,1632900000.0,1455570000.0,7.04,7847448000.0,7543350000.0,65670000.0,49880000.0,0.24,8213380000.0,6599267000.0,1501690000.0,1182350000.0,5.61,9223311000.0,1
SMTO3 - 2022,1078203000.0,459060000.0,225430000.0,4.24,1482640000.0,6355510000.0,515820000.0,221580000.0,4.12,1697460000.0,7428842000.0,439090000.0,212600000.0,3.9,1581800000.0,1
GRND3 - 2022,-1155240000.0,46130000.0,125470000.0,3.04,517910000.0,-1068990000.0,3290000.0,65710000.0,1.59,517210000.0,-1036499000.0,64370000.0,174240000.0,4.23,713870000.0,0
SAPR4 - 2022,3145933000.0,490340000.0,291940000.0,3.6,1406840000.0,3596201000.0,336480000.0,233710000.0,2.87,1359110000.0,3681749000.0,465440000.0,274930000.0,3.27,1432460000.0,0
MILS3 - 2022,-45760000.0,65780000.0,40840000.0,3.62,235100000.0,-45357000.0,68530000.0,63190000.0,5.5,247630000.0,142383000.0,90500000.0,64880000.0,5.39,282310000.0,0
RCSL3 - 2022,-644000.0,1150000.0,110000.0,-0.3,19040000.0,-640000.0,-260000.0,-1190000.0,-3.13,23110000.0,-645000.0,-360000.0,-950000.0,-2.44,14640000.0,0
MTRE3 - 2022,-39547000.0,14240000.0,8160000.0,0.0,138540000.0,82214000.0,10340000.0,5620000.0,0.48,185240000.0,268853000.0,7140000.0,13170000.0,1.32,171430000.0,0
BMOB3 - 2022,-526623000.0,23620000.0,21060000.0,2.06,378550000.0,-493411000.0,23570000.0,4860000.0,0.47,375650000.0,-546473000.0,25100000.0,37060000.0,3.48,374940000.0,0
ARML3 - 2022,476810000.0,62690000.0,27970000.0,2.46,195420000.0,727640000.0,74920000.0,30840000.0,2.75,225860000.0,1027430000.0,89640000.0,38840000.0,3.41,250000000.0,0
LEVE3 - 2022,-122050000.0,155900000.0,122620000.0,6.94,890000000.0,251120000.0,156520000.0,113620000.0,7.77,1019400000.0,233795000.0,260350000.0,203990000.0,13.82,1198820000.0,1
MDIA3 - 2022,810110000.0,11460000.0,37750000.0,0.6,1890360000.0,1057440000.0,282330000.0,233520000.0,3.57,2497240000.0,1631695000.0,251790000.0,195020000.0,2.96,2976610000.0,0
PGMN3 - 2022,593700000.0,78650000.0,23434000.0,1.11,1972880000.0,647520000.0,126670000.0,53553000.0,2.46,2070350000.0,927903000.0,222490000.0,84454000.0,3.75,2490170000.0,0
TUPY3 - 2022,1395820000.0,196900000.0,74000000.0,2.84,2364300000.0,1638310000.0,247620000.0,179570000.0,6.22,2529020000.0,2675559000.0,218720000.0,192250000.0,6.25,2694010000.0,0
ZAMP3 - 2022,417926000.0,-690000.0,-31370000.0,-2.04,801190000.0,491241000.0,15310000.0,-31630000.0,-2.13,883290000.0,529319000.0,440000.0,-34760000.0,-2.39,908650000.0,0
DASA3 - 2022,6379320000.0,288440000.0,36590000.0,0.49,3136240000.0,7356340000.0,227270000.0,-120200000.0,-1.61,3288370000.0,-1559137000.0,307930000.0,-89150000.0,-1.22,3425340000.0,0
TRIS3 - 2022,300550000.0,20520000.0,10970000.0,0.82,164200000.0,331485000.0,33130000.0,21730000.0,1.65,209850000.0,364351000.0,21940000.0,10220000.0,0.81,182280000.0,0
JSLG3 - 2022,3311420000.0,155920000.0,33030000.0,2.44,1296460000.0,3414620000.0,178130000.0,29840000.0,2.21,1438680000.0,3597269000.0,222360000.0,37390000.0,2.69,1624820000.0,0
PORT3 - 2022,2110660000.0,157390000.0,143490000.0,6.25,529220000.0,2497090000.0,122100000.0,16290000.0,0.63,539570000.0,2648909000.0,164520000.0,66540000.0,2.67,619080000.0,0
SHUL4 - 2022,426340000.0,62900000.0,38190000.0,4.06,441700000.0,392570000.0,70340000.0,52770000.0,5.41,505470000.0,360684000.0,132580000.0,84260000.0,8.09,599340000.0,0
PTBL3 - 2022,507400000.0,98120000.0,37650000.0,0.0,524960000.0,542800000.0,894700000.0,53830000.0,11.87,577460000.0,525394000.0,85300000.0,52480000.0,11.51,597920000.0,0
TAEE4 - 2022,6236430000.0,895290000.0,559920000.0,7.73,795650000.0,6793682000.0,925130000.0,564020000.0,7.88,847720000.0,6908950000.0,396800000.0,302450000.0,4.35,463790000.0,0
LUPA3 - 2022,120990000.0,-4600000.0,14920000.0,11.24,30110000.0,123912000.0,-8810000.0,-23650000.0,-18.93,25470000.0,132394000.0,-9790000.0,-18090000.0,-15.9,29280000.0,1
WIZC3 - 2022,57010000.0,80800000.0,51680000.0,10.17,214280000.0,15230000.0,90130000.0,57320000.0,8.62,245460000.0,29531000.0,112660000.0,68180000.0,12.0,238600000.0,1
POMO3 - 2022,1129440000.0,24680000.0,98040000.0,3.4,958650000.0,1294910000.0,22640000.0,26850000.0,1.09,1151790000.0,1439350000.0,58630000.0,46650000.0,1.94,1516290000.0,0
MBLY3 - 2022,-27720000.0,-25770000.0,-25920000.0,-4.21,152920000.0,-23092000.0,-28810000.0,-27840000.0,-4.73,148750000.0,-44289000.0,-22970000.0,-19230000.0,-3.37,159640000.0,0
VLID3 - 2022,807190000.0,60340000.0,-16470000.0,-1.58,579660000.0,796600000.0,89340000.0,-4260000.0,-0.36,463950000.0,724560000.0,90080000.0,38720000.0,1.73,496300000.0,0
ESPA3 - 2022,785490000.0,43180000.0,7460000.0,1.14,232860000.0,787470000.0,13420000.0,-23760000.0,-3.35,207360000.0,726017000.0,27460000.0,-19010000.0,-2.75,210000000.0,0
MEAL3 - 2022,295550000.0,-11720000.0,-40730000.0,-3.99,487300000.0,303239000.0,37470000.0,-4770000.0,-0.45,621480000.0,211339000.0,13470000.0,-4480000.0,-0.42,645960000.0,0
OIBR4 - 2022,28541960000.0,-369370000.0,1783950000.0,172.14,2486940000.0,16167680000.0,-611400000.0,-320660000.0,-41.52,2579520000.0,18365367000.0,-992420000.0,-3062460000.0,-134.16,2770060000.0,0
UNIP6 - 2022,-432940000.0,770360000.0,449030000.0,16.86,1890470000.0,-662159000.0,799390000.0,539150000.0,16.6,2001140000.0,-191980000.0,586980000.0,197790000.0,7.02,1942830000.0,0
TECN3 - 2022,42700000.0,2910000.0,-5060000.0,-1.57,62270000.0,56880000.0,16290000.0,14710000.0,4.37,95160000.0,53407000.0,12910000.0,8540000.0,2.49,83160000.0,0
RSID3 - 2022,582580000.0,-105460000.0,-156170000.0,-17.14,-8100000.0,594450000.0,-25770000.0,-58770000.0,-6.76,-110000.0,606619000.0,-17580000.0,-34450000.0,-3.48,11950000.0,0
AGRO3 - 2022,68055000.0,181750000.0,81780000.0,3.69,382440000.0,352640000.0,11450000.0,31110000.0,1.4,420060000.0,139997000.0,12790000.0,42000000.0,1.9,314950000.0,0
TGMA3 - 2022,-91254000.0,24620000.0,18780000.0,0.0,241070000.0,-51312000.0,38460000.0,30580000.0,4.31,304540000.0,-9022000.0,71170000.0,53470000.0,7.25,415510000.0,0
AZEV3 - 2022,12850000.0,-12260000.0,11680000.0,9.84,70560000.0,14620000.0,-28360000.0,-21600000.0,-21.37,83990000.0,29218000.0,-62340000.0,-40890000.0,-32.8,110480000.0,0
SHOW3 - 2022,-51380000.0,17790000.0,6640000.0,4.54,178130000.0,-99630000.0,7880000.0,8630000.0,5.54,50150000.0,-112695000.0,7370000.0,-8810000.0,-7.06,53370000.0,0
AMAR3 - 2022,1291205000.0,-39490000.0,-77160000.0,0.0,582390000.0,1481032000.0,7020000.0,-27780000.0,-2.6,731380000.0,1528719000.0,-44880000.0,-97460000.0,-10.01,619300000.0,0
TAEE3 - 2022,6236430000.0,895290000.0,559920000.0,7.73,795650000.0,6793682000.0,925130000.0,564020000.0,7.88,847720000.0,6908950000.0,396800000.0,302450000.0,4.35,463790000.0,0
AGXY3 - 2022,1026260000.0,116720000.0,-58940000.0,-4.26,3145290000.0,1312630000.0,-47660000.0,-149600000.0,-11.81,1967030000.0,1510391000.0,175440000.0,24960000.0,1.66,3074310000.0,1
PRNR3 - 2022,9993000.0,10550000.0,5230000.0,2.21,129290000.0,6224000.0,19430000.0,10950000.0,3.09,183940000.0,33970000.0,50490000.0,36380000.0,8.09,254440000.0,0
MELK3 - 2022,-350390000.0,25740000.0,40440000.0,0.0,207000000.0,-299125000.0,20790000.0,38860000.0,2.51,304930000.0,-201626000.0,21840000.0,31070000.0,1.91,306410000.0,0
DMVF3 - 2022,-26950000.0,-1440000.0,-7190000.0,-0.87,327500000.0,-30630000.0,19040000.0,12270000.0,1.46,374640000.0,-41382000.0,11710000.0,3340000.0,0.39,400000000.0,0
SAPR3 - 2022,3145933000.0,490340000.0,291940000.0,3.6,1406840000.0,3596201000.0,336480000.0,233710000.0,2.87,1359110000.0,3681749000.0,465440000.0,274930000.0,3.27,1432460000.0,1
PFRM3 - 2022,578180000.0,19330000.0,-9600000.0,-0.57,1752910000.0,840100000.0,113720000.0,71360000.0,5.68,1929810000.0,573480000.0,65770000.0,17610000.0,1.35,2037750000.0,0
ETER3 - 2022,-200720000.0,59760000.0,42300000.0,6.98,259690000.0,-113800000.0,52220000.0,40350000.0,6.42,292090000.0,-66220000.0,48200000.0,41040000.0,6.22,323050000.0,0
RCSL4 - 2022,-644000.0,1150000.0,110000.0,-0.3,19040000.0,-640000.0,-260000.0,-1190000.0,-3.13,23110000.0,-645000.0,-360000.0,-950000.0,-2.44,14640000.0,0
ITSA3 - 2022,4888000000.0,4167000000.0,3859000000.0,5.67,2131000000.0,5137000000.0,3270000000.0,3181000000.0,4.56,2214000000.0,7387000000.0,3961000000.0,3651000000.0,5.02,2161000000.0,0
CSUD3 - 2022,24000000.0,23510000.0,15460000.0,4.37,131580000.0,21082000.0,26370000.0,17685000.0,5.04,148296000.0,1111000.0,26955000.0,18454000.0,5.09,136339000.0,0
LPSB3 - 2022,-91950000.0,6230000.0,5250000.0,1.23,43710000.0,-91946000.0,9600000.0,19100000.0,6.64,49290000.0,-61633000.0,11790000.0,4010000.0,0.22,52540000.0,0
CAMB3 - 2022,91960000.0,14960000.0,7530000.0,5.26,79780000.0,98720000.0,21890000.0,15090000.0,10.59,102410000.0,102714000.0,30720000.0,21300000.0,13.42,131220000.0,1
RNEW4 - 2022,1036890000.0,-12460000.0,-66110000.0,-9.16,31390000.0,876878000.0,178930000.0,110200000.0,-18.03,48150000.0,867460000.0,44240000.0,-17260000.0,-10.74,62790000.0,0
INEP3 - 2022,868370000.0,1840000.0,-54550000.0,-4.07,2690000.0,772261000.0,-7000000.0,-68290000.0,-5.1,1630000.0,795421000.0,-5870000.0,-63480000.0,-4.29,2070000.0,0
VIVR3 - 2022,196820000.0,-8750000.0,-8280000.0,-4.03,13660000.0,218480000.0,-12660000.0,18540000.0,-9.37,26710000.0,218812000.0,1110000.0,1400000.0,-0.72,47050000.0,0
INEP4 - 2022,868370000.0,1840000.0,-54550000.0,-4.07,2690000.0,772261000.0,-7000000.0,-68290000.0,-5.1,1630000.0,795421000.0,-5870000.0,-63480000.0,-4.29,2070000.0,0
TCSA3 - 2022,393240000.0,2580000.0,-6970000.0,-1.21,47480000.0,418480000.0,-4460000.0,-9530000.0,-1.63,40570000.0,418917000.0,4220000.0,1910000.0,0.29,72150000.0,0
RNEW3 - 2022,1036890000.0,-12460000.0,-66110000.0,-9.16,31390000.0,876878000.0,178930000.0,110200000.0,-18.03,48150000.0,867460000.0,44240000.0,-17260000.0,-10.74,62790000.0,0
GOAU3 - 2022,4390920000.0,5009840000.0,2952260000.0,6.6,20330490000.0,4049310000.0,5758670000.0,4267120000.0,8.46,22968442000.0,4459540000.0,4461160000.0,3035560000.0,5.99,21149230000.0,1
SCAR3 - 2022,1776180000.0,28540000.0,-20970000.0,-1.31,65040000.0,1802630000.0,30320000.0,-28190000.0,-1.81,67350000.0,1818988000.0,35530000.0,-21890000.0,-1.41,79240000.0,0
PMAM3 - 2022,2720510000.0,-105570000.0,169690000.0,-22.13,812730000.0,3046590000.0,-216540000.0,-562340000.0,-42.7,552020000.0,3111050000.0,-133360000.0,-317010000.0,-19.55,474510000.0,0
GGBR3 - 2022,5176810000.0,5013530000.0,2940390000.0,6.91,20330490000.0,4690040000.0,5790640000.0,4298500000.0,9.05,22968440000.0,5100265000.0,4462520000.0,3022250000.0,6.12,21149230000.0,1
PDTC3 - 2022,35390000.0,-220000.0,-4480000.0,-3.62,72760000.0,50320000.0,1040000.0,-3790000.0,-3.17,84890000.0,70858000.0,14120000.0,12220000.0,9.36,103100000.0,0
AALR3 - 2022,679930000.0,9930000.0,-14520000.0,-1.43,275160000.0,568610000.0,18150000.0,-10110000.0,-1.09,266520000.0,669810000.0,-13060000.0,-72000000.0,-7.0,280000000.0,0
HAGA4 - 2022,-9900000.0,-920000.0,-710000.0,-1.13,6440000.0,-9872000.0,-720000.0,-480000.0,-0.76,6740000.0,-10909000.0,-37000.0,338000.0,-0.54,8207000.0,0
RAPT3 - 2022,2943840000.0,340490000.0,170330000.0,4.96,2476350000.0,2854080000.0,300850000.0,158230000.0,3.86,2772320000.0,2753810000.0,357410000.0,208180000.0,5.33,3055830000.0,0
EQPA3 - 2022,2463130000.0,471980000.0,314800000.0,8.56,1870700000.0,2529150000.0,585730000.0,385250000.0,9.68,2141800000.0,2300167000.0,414040000.0,368120000.0,8.46,2060670000.0,1
IGTI3 - 2022,1494200000.0,106130000.0,-16360000.0,-0.51,225740000.0,1751840000.0,124240000.0,-131800000.0,-4.11,250590000.0,1181690000.0,120750000.0,66150000.0,1.62,251280000.0,0
UCAS3 - 2022,-46720000.0,12970000.0,10170000.0,5.72,58730000.0,-30960000.0,4610000.0,10460000.0,5.55,58140000.0,-23650000.0,7050000.0,7360000.0,3.75,65840000.0,0
TPIS3 - 2022,1635455000.0,5510000.0,-33680000.0,-3.75,183650000.0,1677858000.0,286690000.0,109870000.0,11.28,500660000.0,1624688000.0,-49620000.0,-56790000.0,-6.12,198560000.0,0
JFEN3 - 2022,575920000.0,-28230000.0,-39610000.0,-6.29,6010000.0,571495000.0,-8138000.0,-17048000.0,-2.41,-12121000.0,581569000.0,-22512000.0,-25673000.0,-3.45,6132000.0,0
WEST3 - 2022,-187200000.0,-12900000.0,-7080000.0,-1.91,68270000.0,-134920000.0,-18980000.0,-8730000.0,-2.41,61540000.0,-130137000.0,-16950000.0,-11050000.0,-3.14,61720000.0,0
BRKM3 - 2022,18908970000.0,3770280000.0,3947380000.0,33.49,26731440000.0,20885380000.0,1654580000.0,-1462700000.0,-14.85,25411300000.0,22488024000.0,690260000.0,-1421790000.0,-12.69,25386780000.0,0
CEBR6 - 2022,-731100000.0,50760000.0,53590000.0,4.5,80210000.0,-504128000.0,105310000.0,91810000.0,6.52,133100000.0,-514814000.0,50380000.0,50370000.0,2.93,80430000.0,0
CEBR3 - 2022,-731100000.0,50760000.0,53590000.0,4.5,80210000.0,-504128000.0,105310000.0,91810000.0,6.52,133100000.0,-514814000.0,50380000.0,50370000.0,2.93,80430000.0,0
ENGI4 - 2022,18805870000.0,1456800000.0,580680000.0,5.68,6514550000.0,21282480000.0,1373620000.0,989700000.0,9.36,6284200000.0,-3179077000.0,1652910000.0,474750000.0,3.45,7042670000.0,0
ATOM3 - 2022,-18260000.0,8830000.0,8650000.0,35.35,16300000.0,-20640000.0,590000.0,730000.0,4.53,7760000.0,-22777000.0,900000.0,1150000.0,4.29,6360000.0,0
UNIP3 - 2022,-432940000.0,770360000.0,449030000.0,16.86,1890470000.0,-662159000.0,799390000.0,539150000.0,16.6,2001140000.0,-191980000.0,586980000.0,197790000.0,7.02,1942830000.0,0
VSTE3 - 2022,1748010000.0,-4660000.0,-59050000.0,-10.07,232770000.0,1814350000.0,19660000.0,-43770000.0,-6.94,268360000.0,1872333000.0,6530000.0,-66710000.0,-9.57,287280000.0,0
SNSY5 - 2022,123430000.0,-8770000.0,-46500000.0,-3.05,189260000.0,119750000.0,-620000.0,-41070000.0,-2.62,216700000.0,121476000.0,-1190000.0,-42700000.0,-2.66,226460000.0,1
LOGN3 - 2022,878700000.0,110410000.0,88440000.0,11.09,388440000.0,859440000.0,85950000.0,21970000.0,3.97,609190000.0,955901000.0,89040000.0,35990000.0,6.16,521910000.0,0
GEPA4 - 2022,963540000.0,154390000.0,69930000.0,3.53,334040000.0,804500000.0,103890000.0,26760000.0,1.33,314700000.0,783647000.0,107480000.0,56570000.0,2.74,360020000.0,1
CEBR5 - 2022,-731100000.0,50760000.0,53590000.0,4.5,80210000.0,-504128000.0,105310000.0,91810000.0,6.52,133100000.0,-514814000.0,50380000.0,50370000.0,2.93,80430000.0,0
OSXB3 - 2022,4869070000.0,-11020000.0,-145510000.0,0.0,9050000.0,5009660000.0,-270000.0,-198330000.0,-3.49,9700000.0,5170947000.0,-22410000.0,-172760000.0,-2.95,8600000.0,1
PTNT4 - 2022,131688000.0,23170000.0,18340000.0,5.62,229640000.0,-61540000.0,18220000.0,11670000.0,0.72,224060000.0,-61540000.0,21810000.0,15800000.0,2.79,224060000.0,1
ENGI3 - 2022,18805870000.0,1456800000.0,580680000.0,5.68,6514550000.0,21282480000.0,1373620000.0,989700000.0,9.36,6284200000.0,-3179077000.0,1652910000.0,474750000.0,3.45,7042670000.0,0
EPAR3 - 2022,13940000.0,15500000.0,8840000.0,8.9,168990000.0,28210000.0,2220000.0,-1470000.0,-1.88,218960000.0,30053000.0,40100000.0,24990000.0,26.76,518480000.0,0
FHER3 - 2022,332591000.0,77840000.0,128360000.0,0.0,1233010000.0,719494000.0,16590000.0,-94670000.0,-17.13,1081560000.0,198954000.0,-54170000.0,-110770000.0,-25.06,1804590000.0,1
BOBR4 - 2022,293040000.0,2590000.0,-24700000.0,-12.17,310110000.0,330890000.0,38460000.0,7950000.0,-4.08,371260000.0,308475000.0,51200000.0,15740000.0,-8.78,387150000.0,1
CRPG5 - 2022,-134400000.0,-6110000.0,-1030000.0,-0.12,210140000.0,-137060000.0,-770000.0,4730000.0,0.54,221180000.0,-155452000.0,19830000.0,28440000.0,3.12,216090000.0,1
BAHI3 - 2022,59430000.0,-6760000.0,-18070000.0,-9.61,83750000.0,122337000.0,-16190000.0,-35550000.0,-25.86,86870000.0,198932000.0,-7818000.0,-28105000.0,-23.99,90803000.0,0
EMAE4 - 2022,-325080000.0,-4210000.0,25780000.0,3.38,131770000.0,-369480000.0,2270000.0,29630000.0,3.86,113650000.0,-390016000.0,8990000.0,18090000.0,1.95,134030000.0,0
MTSA4 - 2022,-17510000.0,20480000.0,16430000.0,4.99,178300000.0,-15040000.0,37330000.0,23490000.0,6.71,225210000.0,-47973000.0,38650000.0,27740000.0,7.45,228710000.0,1
PETR4 - 2023,204125000000.0,60197000000.0,38307000000.0,9.49,139068000000.0,218390000000.0,41971000000.0,28936000000.0,7.76,113840000000.0,238304000000.0,47546000000.0,26760000000.0,6.9,124828000000.0,1
MGLU3 - 2023,5038335000.0,16328000.0,-391221000.0,-3.8,9067334000.0,4744924000.0,-35923000.0,-301746000.0,-3.01,8572256000.0,4118464000.0,661189000.0,-498330000.0,-5.23,8578818000.0,1
OIBR3 - 2023,20956798000.0,-102677000.0,-1267087000.0,-5.47,2535792000.0,21232781000.0,-266082000.0,-844524000.0,-3.53,2454171000.0,22719925000.0,-803758000.0,-2830492000.0,-10.55,2421776000.0,1
B3SA3 - 2023,-2501944000.0,1356975000.0,1089458000.0,5.3,2460480000.0,-2834396000.0,1374315000.0,1052942000.0,5.13,2477122000.0,-3353958000.0,1347206000.0,1074307000.0,5.31,2490082000.0,1
COGN3 - 2023,6158625000.0,259730000.0,53920000.0,0.45,1329876000.0,6161440000.0,147387000.0,-64907000.0,-0.39,1386677000.0,6077436000.0,90916000.0,-116656000.0,-0.85,1270040000.0,1
HAPV3 - 2023,7416792000.0,93340000.0,-341550000.0,-0.71,6726190000.0,5848366000.0,63972000.0,-161941000.0,-0.33,6839824000.0,5478116000.0,102898000.0,-206701000.0,-0.42,6881864000.0,1
ITSA4 - 2023,5956000000.0,3323000000.0,2896000000.0,3.8,1712000000.0,5000000000.0,4141000000.0,3691000000.0,4.67,1954000000.0,2824000000.0,3622000000.0,4283000000.0,5.13,1769000000.0,1
ABEV3 - 2023,-8790000000.0,4875600000.0,3819200000.0,4.35,20531700000.0,-8438234000.0,3445417000.0,2597760000.0,2.94,18898114000.0,-13923399000.0,4897578000.0,4015004000.0,4.33,20317765000.0,1
PCAR3 - 2023,3044000000.0,-105000000.0,-195000000.0,-2.17,4496000000.0,2942000000.0,-51000000.0,-352000000.0,-2.43,4755000000.0,2311000000.0,803000000.0,-1286000000.0,-25.82,4742000000.0,0
SOMA3 - 2023,980814000.0,69231000.0,48894000.0,0.65,1202690000.0,1222328000.0,121888000.0,85371000.0,1.13,1295162000.0,1153134000.0,123694000.0,98901000.0,1.29,1364133000.0,1
BHIA3 - 2023,8178000000.0,274000000.0,-297000000.0,-5.86,7354000000.0,7817000000.0,-42000000.0,-492000000.0,-10.67,7489000000.0,7012000000.0,-660000000.0,-836000000.0,-18.85,6590000000.0,1
CMIG4 - 2023,7322212000.0,1859305000.0,1398206000.0,6.13,8646937000.0,8105244000.0,1575671000.0,1245382000.0,5.27,8819517000.0,7937842000.0,1694496000.0,1237307000.0,5.06,9426629000.0,0
RAIL3 - 2023,11431846000.0,678543000.0,71046000.0,0.48,2383828000.0,11372965000.0,909448000.0,167202000.0,1.08,2763112000.0,12105972000.0,1252240000.0,482614000.0,3.02,3175072000.0,1
CVCB3 - 2023,372503000.0,-36360000.0,-127955000.0,-67.27,295455000.0,17046000.0,-55288000.0,-166951000.0,-31.5,269357000.0,390621000.0,-31389000.0,-87504000.0,-20.05,375838000.0,1
LREN3 - 2023,-372209000.0,-26661000.0,46766000.0,0.48,2775292000.0,-574857000.0,224430000.0,229700000.0,2.36,3504083000.0,-1112992000.0,91828000.0,172902000.0,1.77,3097096000.0,1
CPLE6 - 2023,11815159000.0,1214240000.0,635490000.0,2.92,5530666000.0,11860135000.0,750978000.0,307706000.0,1.46,5359727000.0,9582453000.0,451549000.0,441163000.0,1.87,5543989000.0,1
AZUL4 - 2023,22678430000.0,168030000.0,-736600000.0,-3.73,4478300000.0,21607032000.0,301217000.0,23908000.0,-0.12,4254195000.0,25175691000.0,671828000.0,-1614898000.0,-7.59,4916440000.0,1
PETR3 - 2023,204125000000.0,60197000000.0,38307000000.0,9.49,139068000000.0,218390000000.0,41971000000.0,28936000000.0,7.76,113840000000.0,238304000000.0,47546000000.0,26760000000.0,6.9,124828000000.0,1
ALOS3 - 2023,-2117074000.0,4693643000.0,2999150000.0,20.14,621413000.0,-1706947000.0,318842000.0,179368000.0,1.04,650181000.0,-1636599000.0,217638000.0,51646000.0,0.16,653037000.0,1
PETZ3 - 2023,-48195000.0,29334000.0,2172000.0,0.12,766881000.0,-53318000.0,40018000.0,11391000.0,0.61,791648000.0,-15336000.0,35400000.0,1477000.0,0.08,794123000.0,1
HBSA3 - 2023,3857787000.0,126220000.0,20070000.0,1.47,478090000.0,3572386000.0,243158000.0,117863000.0,7.91,597479000.0,3559412000.0,104409000.0,71258000.0,4.49,486973000.0,0
PRIO3 - 2023,9990725000.0,1519843000.0,1162065000.0,10.93,2814955000.0,9094547000.0,1181189000.0,840969000.0,7.82,2311206000.0,8296741000.0,2232324000.0,1628824000.0,12.63,4045490000.0,0
MRVE3 - 2023,6772501000.0,-31146000.0,40736000.0,0.52,1689885000.0,7518430000.0,112584000.0,192480000.0,3.01,1825658000.0,6956965000.0,24418000.0,-139725000.0,-1.99,1973612000.0,1
POMO4 - 2023,956419000.0,258134000.0,236276000.0,7.66,1653970000.0,1069223000.0,122019000.0,140456000.0,4.28,1364476000.0,1033071000.0,176691000.0,161688000.0,4.74,1614827000.0,1
CPLE3 - 2023,11815159000.0,1214240000.0,635490000.0,2.92,5530666000.0,11860135000.0,750978000.0,307706000.0,1.46,5359727000.0,9582453000.0,451549000.0,441163000.0,1.87,5543989000.0,1
LWSA3 - 2023,-1350633000.0,21220000.0,7230000.0,0.24,302850000.0,-986749000.0,19489000.0,-38831000.0,-1.33,313900000.0,-1036964000.0,14757000.0,3870000.0,0.13,330090000.0,1
ELET3 - 2023,35434800000.0,3986877000.0,405963000.0,0.44,9209833000.0,37175921000.0,5697633000.0,1618904000.0,1.51,9245530000.0,39159707000.0,3890393000.0,1476587000.0,1.31,8781430000.0,1
CMIN3 - 2023,-961017000.0,1148540000.0,515797000.0,4.27,4514331000.0,-281596000.0,1085009000.0,494181000.0,4.72,4014012000.0,-2186056000.0,1771131000.0,1199926000.0,10.48,4839552000.0,1
CCRO3 - 2023,20120666000.0,1808294000.0,629329000.0,5.17,3798540000.0,22439785000.0,1313874000.0,263182000.0,2.21,3905137000.0,22654678000.0,1261168000.0,252108000.0,1.98,4426170000.0,1
VAMO3 - 2023,7128238000.0,541691000.0,169126000.0,4.45,1682313000.0,9166137000.0,523579000.0,106601000.0,2.72,1468919000.0,8751904000.0,535882000.0,115800000.0,2.37,1481513000.0,1
GGBR4 - 2023,6436107000.0,4292437000.0,3215399000.0,6.59,18872303000.0,6510604000.0,2884904000.0,2142723000.0,4.36,18265370000.0,5476112000.0,2384140000.0,1592065000.0,3.13,17063258000.0,1
GOAU4 - 2023,5458961000.0,4288523000.0,3236531000.0,6.33,18872303000.0,5547638000.0,2852794000.0,2132522000.0,4.05,18265370000.0,4498205000.0,2380878000.0,1613051000.0,3.07,17063258000.0,1
RAPT4 - 2023,3321200000.0,376755000.0,186840000.0,4.29,2658168000.0,3226436000.0,376434000.0,187126000.0,3.98,2776867000.0,2852118000.0,326714000.0,165804000.0,2.97,2896681000.0,1
GOLL4 - 2023,11607399000.0,796495000.0,619525000.0,-2.94,4920195000.0,11580317000.0,537204000.0,556289000.0,-2.72,4145926000.0,9514071000.0,825055000.0,-1300367000.0,-5.9,4665446000.0,1
SUZB3 - 2023,55659605000.0,4306288000.0,5242793000.0,13.71,11276383000.0,54757986000.0,3068677000.0,5077623000.0,11.91,9159634000.0,58077303000.0,1683495000.0,-728757000.0,-1.76,8948013000.0,1
RENT3 - 2023,29868066000.0,1639584000.0,521549000.0,2.51,6825668000.0,27121205000.0,820324000.0,-88771000.0,-0.35,6846159000.0,28226635000.0,1631791000.0,664668000.0,2.64,7321957000.0,1
WEGE3 - 2023,-2216187000.0,1538193000.0,1323941000.0,8.79,7696157000.0,-2697737000.0,1681273000.0,1409787000.0,8.89,8171322000.0,-2874738000.0,1581169000.0,1345892000.0,8.14,8074837000.0,1
CRFB3 - 2023,18360000000.0,876000000.0,-112000000.0,-0.56,25793000000.0,15221000000.0,769000000.0,-203000000.0,-1.27,27466000000.0,16822000000.0,913000000.0,194000000.0,0.67,26986000000.0,1
RRRP3 - 2023,358619000.0,72677000.0,16103000.0,0.3,573698000.0,1597173000.0,74907000.0,79388000.0,1.47,836582000.0,7759905000.0,607192000.0,-77453000.0,-1.61,2360259000.0,0
RADL3 - 2023,1904141000.0,432683000.0,198018000.0,3.52,7931346000.0,2033170000.0,642979000.0,343081000.0,6.11,8442315000.0,2484941000.0,530139000.0,268145000.0,4.61,8675809000.0,1
RDOR3 - 2023,2773615000.0,866309000.0,303808000.0,1.3,11315224000.0,2507876000.0,1121880000.0,435358000.0,1.82,11678702000.0,2042409000.0,1414046000.0,760303000.0,3.31,11812334000.0,1
BRFS3 - 2023,15642110000.0,-179360000.0,-1023630000.0,-10.07,13177970000.0,15911957000.0,-361283000.0,-1337274000.0,-14.85,12204971000.0,10918458000.0,452302000.0,-262387000.0,-2.74,13806206000.0,1
VBBR3 - 2023,12040000000.0,429000000.0,81000000.0,0.64,39037000000.0,11236000000.0,524000000.0,133000000.0,1.04,37184000000.0,9567000000.0,2083000000.0,1255000000.0,9.26,43063000000.0,1
ANIM3 - 2023,2744600000.0,157200000.0,-41350000.0,-2.88,954400000.0,4168325000.0,131062000.0,-57815000.0,-3.95,932424000.0,4000682000.0,143317000.0,-12528000.0,-1.19,940408000.0,1
CSAN3 - 2023,44669678000.0,3154581000.0,-418732000.0,-4.61,9631327000.0,44503981000.0,2229553000.0,-446741000.0,-5.82,10010456000.0,47175290000.0,3701476000.0,1727007000.0,3.67,10253570000.0,1
TIMS3 - 2023,5851610000.0,779511000.0,412436000.0,1.64,5640155000.0,1451000000.0,1039000000.0,626000000.0,2.47,5863000000.0,390829000.0,1218872000.0,716005000.0,2.8,6055319000.0,1
ECOR3 - 2023,10493716000.0,601698000.0,113032000.0,4.67,1604337000.0,12192841000.0,683879000.0,123712000.0,4.73,2009554000.0,12908175000.0,813229000.0,230314000.0,7.95,2568941000.0,1
ENEV3 - 2023,17604834000.0,753213000.0,222668000.0,1.77,2459203000.0,16576348000.0,806827000.0,389928000.0,3.01,2523334000.0,16066147000.0,493514000.0,-69388000.0,-0.67,2380487000.0,1
BRKM5 - 2023,22425699000.0,496069000.0,242448000.0,2.36,19446048000.0,21953684000.0,-1640211000.0,-823348000.0,-10.65,17756177000.0,23848533000.0,-620118000.0,-2558092000.0,-48.15,16675501000.0,1
STBP3 - 2023,-248467000.0,94290000.0,45860000.0,2.14,426940000.0,-177527000.0,162926000.0,94399000.0,4.33,507253000.0,-147341000.0,195082000.0,139038000.0,6.34,533694000.0,1
BEEF3 - 2023,7704769000.0,400861000.0,113964000.0,22.45,6381473000.0,7696166000.0,571405000.0,120732000.0,28.8,7276483000.0,8964437000.0,574689000.0,141027000.0,24.76,7067636000.0,0
MRFG3 - 2023,43981159000.0,-266100000.0,-1568280000.0,-13.42,31757480000.0,43535895000.0,-87875000.0,-1820730000.0,-19.35,32513916000.0,32153080000.0,695647000.0,-379728000.0,-1.82,34695055000.0,1
EQTL3 - 2023,32788578000.0,1873690000.0,287879000.0,0.92,10176570000.0,33580557000.0,1801776000.0,670650000.0,2.78,9201477000.0,35887374000.0,2201374000.0,927685000.0,3.68,10361518000.0,1
CSNA3 - 2023,27143838000.0,580520000.0,-822548000.0,-4.82,11318690000.0,28489685000.0,1140964000.0,283298000.0,0.99,10989111000.0,27127002000.0,1647518000.0,90794000.0,-0.87,11125028000.0,1
YDUQ3 - 2023,4190685000.0,309259000.0,149490000.0,4.8,1313329000.0,4266526000.0,213011000.0,32049000.0,1.02,1307960000.0,4162986000.0,258404000.0,93370000.0,2.86,1296587000.0,1
QUAL3 - 2023,1465410000.0,90871000.0,19097000.0,1.22,457348000.0,1367338000.0,79900000.0,15500000.0,0.99,435000000.0,1298530000.0,-25628000.0,-52739000.0,0.71,443168000.0,0
JBSS3 - 2023,83342561000.0,-594784000.0,-1429501000.0,-3.25,86683729000.0,80250283000.0,1539791000.0,-198167000.0,-0.62,89382631000.0,80388616000.0,2630173000.0,690606000.0,1.36,91409464000.0,1
DXCO3 - 2023,4062724000.0,379320000.0,154329000.0,2.49,1712018000.0,4322828000.0,365719000.0,157383000.0,2.61,1953755000.0,4459232000.0,285381000.0,304125000.0,4.64,1768953000.0,1
NTCO3 - 2023,9442970000.0,27436000.0,-652154000.0,-2.96,7320156000.0,9933313000.0,-132117000.0,-731908000.0,-3.56,7773542000.0,-562448000.0,-48649000.0,7023992000.0,25.06,7517260000.0,1
CEAB3 - 2023,766613000.0,-93195000.0,-126300000.0,-4.4,1240600000.0,745406000.0,101931000.0,4224000.0,0.15,1642961000.0,603526000.0,28186000.0,-44222000.0,-1.56,1542676000.0,1
EMBR3 - 2023,6643973000.0,-270680000.0,-378400000.0,-2.88,3726000000.0,6556296000.0,350180000.0,-132403000.0,-0.79,6359821000.0,6420939000.0,420316000.0,321501000.0,2.39,6295990000.0,1
VIVA3 - 2023,-69645000.0,48234000.0,38571000.0,2.28,391627000.0,13461000.0,126235000.0,109984000.0,6.1,559909000.0,67547000.0,87218000.0,76538000.0,4.08,457310000.0,1
CYRE3 - 2023,1876401000.0,177450000.0,191060000.0,2.26,1283430000.0,1958542000.0,318666000.0,308025000.0,3.72,1633055000.0,2273987000.0,317565000.0,304638000.0,3.23,1625987000.0,1
GUAR3 - 2023,1717949000.0,-68270000.0,-175667000.0,-3.46,1827099000.0,1706150000.0,83288000.0,-17616000.0,-0.35,2138896000.0,1717378000.0,23629000.0,-70742000.0,-1.42,2099471000.0,1
ARZZ3 - 2023,277025000.0,104824000.0,63385000.0,2.32,1025291000.0,345987000.0,125468000.0,100462000.0,3.62,1131023000.0,448935000.0,175205000.0,113658000.0,3.94,1265823000.0,1
TOTS3 - 2023,-840917000.0,188913000.0,99547000.0,2.19,1064142000.0,-974137000.0,168858000.0,103897000.0,2.17,1087915000.0,-1347830000.0,206470000.0,434777000.0,9.08,1153397000.0,1
EGIE3 - 2023,14627252000.0,1836760000.0,882222000.0,9.54,2913748000.0,13291373000.0,1478223000.0,732645000.0,8.78,2609533000.0,14770402000.0,1475128000.0,866640000.0,10.28,2513512000.0,1
ALPA4 - 2023,901106000.0,-288064000.0,-199691000.0,-3.62,902486000.0,936861000.0,-65086000.0,-53095000.0,-1.0,926359000.0,828537000.0,-15545000.0,-8482000.0,-0.15,896150000.0,1
TEND3 - 2023,757530000.0,21214000.0,-43685000.0,-6.22,651443000.0,628028000.0,14278000.0,-11868000.0,-1.53,710452000.0,515875000.0,13995000.0,-25362000.0,-2.65,786312000.0,1
UGPA3 - 2023,8763953000.0,677800000.0,273800000.0,2.2,30551800000.0,8507490000.0,514602000.0,238691000.0,1.77,29592540000.0,7663509000.0,1578137000.0,891243000.0,6.81,32483536000.0,1
CPFE3 - 2023,7795905000.0,2990780000.0,1650675000.0,8.93,9839240000.0,19397499000.0,2497917000.0,1246952000.0,6.67,9388917000.0,19425923000.0,2577066000.0,1312693000.0,6.86,9974971000.0,1
SLCE3 - 2023,2701680000.0,973276000.0,574975000.0,10.33,3074186000.0,3764356000.0,644004000.0,348719000.0,6.31,2130192000.0,3419120000.0,414965000.0,167272000.0,3.17,2100685000.0,1
VIVT3 - 2023,13802162000.0,1675885000.0,834588000.0,1.21,12720910000.0,12862683000.0,1872454000.0,1120985000.0,1.64,12732709000.0,13198917000.0,2118012000.0,1476608000.0,2.12,13111806000.0,1
FLRY3 - 2023,2410000000.0,214520000.0,93820000.0,3.37,1240000000.0,3310000000.0,197760000.0,74040000.0,1.46,1660000000.0,3100000000.0,317980000.0,171820000.0,3.36,1870000000.0,1
MOVI3 - 2023,11350953000.0,485309000.0,21045000.0,0.74,2703206000.0,11394746000.0,501037000.0,-17864000.0,-0.58,2479144000.0,11665729000.0,455161000.0,-65720000.0,-2.17,2666220000.0,1
ODPV3 - 2023,-248360000.0,176820000.0,139668000.0,11.44,521558000.0,-312000000.0,168996000.0,122980000.0,9.02,535214000.0,-348442000.0,146756000.0,134321000.0,9.14,551960000.0,1
PDGR3 - 2023,2644061000.0,-48280000.0,-208970000.0,-4.18,6052000.0,1297462000.0,10042000.0,-131773000.0,-2.51,35567000.0,1371579000.0,-29523000.0,-228294000.0,-4.19,48886000.0,0
NGRD3 - 2023,-176889000.0,-92000.0,3059000.0,0.76,69877000.0,-161267000.0,-7615000.0,-3517000.0,-0.68,65685000.0,-167569000.0,-3855000.0,-2177000.0,-0.38,65501000.0,1
SBSP3 - 2023,15810160000.0,1392470000.0,747210000.0,2.66,5698370000.0,16448838000.0,1070881000.0,743743000.0,2.59,6154537000.0,16027621000.0,1708645000.0,846295000.0,2.86,6453246000.0,1
EZTC3 - 2023,-180365000.0,29190000.0,46030000.0,0.94,250780000.0,-98261000.0,58201000.0,75512000.0,1.65,242732000.0,18513000.0,31186000.0,38475000.0,0.85,251727000.0,1
JHSF3 - 2023,2196867000.0,190400000.0,86861000.0,1.75,354834000.0,2389505000.0,165220000.0,108608000.0,2.24,394414000.0,2561129000.0,183531000.0,79356000.0,1.57,350086000.0,1
AZEV4 - 2023,-3243000.0,-11657000.0,-20089000.0,-26.12,154822000.0,42218000.0,31054000.0,42312000.0,35.49,147916000.0,41206000.0,-35109000.0,-35130000.0,-25.09,68298000.0,1
ENJU3 - 2023,-301244000.0,-15177000.0,-9028000.0,-2.4,35867000.0,-294388000.0,-10895000.0,-4866000.0,-1.3,40083000.0,-273005000.0,-28736000.0,-23051000.0,-6.51,54889000.0,1
CASH3 - 2023,-626385000.0,-32964000.0,-11869000.0,-1.36,98677000.0,-394670000.0,-16407000.0,-15532000.0,-1.73,72152000.0,-417887000.0,-3624000.0,5163000.0,0.9,70420000.0,1
DIRR3 - 2023,340907000.0,102898000.0,72265000.0,4.35,557269000.0,358715000.0,129488000.0,114772000.0,7.17,605408000.0,-24298000.0,109150000.0,85875000.0,3.55,557668000.0,1
MYPK3 - 2023,4337638000.0,165760000.0,402000.0,-0.42,3998153000.0,3737960000.0,245625000.0,82105000.0,1.57,3801203000.0,3812765000.0,197906000.0,6434000.0,-0.12,3672363000.0,1
FESA4 - 2023,-686839000.0,141850000.0,131560000.0,4.15,716370000.0,-714573000.0,97980000.0,121775000.0,3.78,626128000.0,-687025000.0,47484000.0,74527000.0,2.29,550921000.0,0
SRNA3 - 2023,7533311000.0,120412000.0,-84014000.0,-1.66,583331000.0,8313690000.0,118248000.0,-101364000.0,-2.04,609411000.0,8668083000.0,327641000.0,102520000.0,2.03,865847000.0,1
ELET6 - 2023,35434800000.0,3986877000.0,405963000.0,0.44,9209833000.0,37175921000.0,5697633000.0,1618904000.0,1.51,9245530000.0,39159707000.0,3890393000.0,1476587000.0,1.31,8781430000.0,1
BLAU3 - 2023,-304135000.0,51278000.0,51526000.0,2.83,258201000.0,-147983000.0,86246000.0,70110000.0,3.78,364309000.0,130608000.0,-89230000.0,98918000.0,5.03,362648000.0,1
IRBR3 - 2023,-4230691000.0,-115040000.0,8550000.0,0.21,1661700000.0,-3957609000.0,-113871000.0,20085000.0,0.49,1478646000.0,-4704197000.0,-114005000.0,47744000.0,1.15,1457589000.0,1
ENAT3 - 2023,-12508000.0,175887000.0,118444000.0,2.84,445692000.0,119767000.0,91215000.0,41106000.0,1.01,420104000.0,635434000.0,-304372000.0,-272488000.0,-7.03,96044000.0,0
PSSA3 - 2023,-10723218000.0,422088000.0,355476000.0,3.15,7610291000.0,-11317337000.0,610845000.0,693354000.0,5.9,7878984000.0,-11459454000.0,875399000.0,570281000.0,4.71,8306273000.0,1
AERI3 - 2023,989587000.0,80200000.0,-22206000.0,-2.57,831622000.0,938618000.0,74579000.0,-19097000.0,-2.26,854602000.0,1023531000.0,62160000.0,-28694000.0,-3.52,885832000.0,1
GFSA3 - 2023,1484529000.0,-40860000.0,-34020000.0,-1.91,292510000.0,1627856000.0,-44566000.0,-90963000.0,-5.12,284232000.0,1692863000.0,-82555000.0,-88735000.0,-5.25,286410000.0,1
SBFG3 - 2023,1365802000.0,106932000.0,1512000.0,0.08,1472122000.0,2652167000.0,48971000.0,-32581000.0,-1.46,1593145000.0,2961125000.0,168585000.0,72700000.0,3.01,1793263000.0,1
CMIG3 - 2023,7322212000.0,1859305000.0,1398206000.0,6.13,8646937000.0,8105244000.0,1575671000.0,1245382000.0,5.27,8819517000.0,7937842000.0,1694496000.0,1237307000.0,5.06,9426629000.0,0
SMTO3 - 2023,6587373000.0,318227000.0,151877000.0,2.57,1814218000.0,6685428000.0,380490000.0,220268000.0,3.62,1342587000.0,7527077000.0,857844000.0,418094000.0,6.78,1534989000.0,0
POSI3 - 2023,921600000.0,72300000.0,8500000.0,0.54,702900000.0,884854000.0,83795000.0,21332000.0,1.46,754507000.0,876110000.0,108327000.0,28855000.0,1.87,849022000.0,1
GRND3 - 2023,-1620182000.0,77640000.0,123120000.0,3.63,520110000.0,-662976000.0,11000.0,57246000.0,1.7,463619000.0,-699151000.0,91556000.0,134276000.0,3.85,689103000.0,1
EVEN3 - 2023,-109080000.0,66946000.0,75254000.0,2.79,624590000.0,-7764000.0,62918000.0,75872000.0,2.77,758732000.0,182097000.0,42419000.0,60254000.0,2.48,651805000.0,1
SAPR4 - 2023,3966158000.0,547610000.0,319570000.0,3.51,1453960000.0,4460285000.0,545510000.0,422108000.0,4.64,1536029000.0,4401204000.0,656082000.0,396860000.0,4.18,1605776000.0,1
MILS3 - 2023,436521000.0,109020000.0,66380000.0,5.16,324700000.0,522256000.0,108691000.0,64101000.0,4.79,338019000.0,475344000.0,118309000.0,66714000.0,4.79,347785000.0,1
RCSL3 - 2023,-1143000.0,-230000.0,-280000.0,-27.47,18820000.0,-266000.0,130000.0,-745000.0,-168.59,15530000.0,-49000.0,-998000.0,-2037000.0,-1742.24,10148000.0,1
MTRE3 - 2023,322565000.0,20581000.0,18680000.0,1.91,190651000.0,402960000.0,43097000.0,55927000.0,5.45,180476000.0,522051000.0,14945000.0,2712000.0,0.19,276552000.0,1
BMOB3 - 2023,-574734000.0,24840000.0,17098000.0,1.6,315997000.0,-543828000.0,20241000.0,13951000.0,1.31,318858000.0,-535343000.0,26558000.0,14543000.0,1.38,326064000.0,1
ARML3 - 2023,1335853000.0,93645000.0,26222000.0,2.3,291491000.0,1374848000.0,111516000.0,43435000.0,3.7,310938000.0,1416423000.0,126840000.0,47874000.0,3.95,359539000.0,1
LEVE3 - 2023,23203000.0,234800000.0,185946000.0,10.79,1022151000.0,187871000.0,228415000.0,192914000.0,13.54,1120797000.0,-19498000.0,221133000.0,214831000.0,13.71,1179376000.0,1
MDIA3 - 2023,1525852000.0,136900000.0,69933000.0,1.03,2437403000.0,1155921000.0,287184000.0,217892000.0,3.11,2849431000.0,317490000.0,349840000.0,258996000.0,3.55,2734901000.0,1
PGMN3 - 2023,1375729000.0,37044000.0,-62937000.0,-2.76,2620371000.0,1376225000.0,118817000.0,-37295000.0,-1.65,2836705000.0,1210243000.0,118550000.0,-23799000.0,-0.93,2879489000.0,1
TUPY3 - 2023,2235668000.0,217262000.0,145276000.0,4.57,2804406000.0,2230984000.0,179414000.0,61870000.0,1.93,2965864000.0,2247064000.0,261857000.0,150079000.0,4.55,2975942000.0,1
ZAMP3 - 2023,641507000.0,-2760000.0,-55170000.0,-3.86,885210000.0,734868000.0,5645000.0,-63497000.0,-4.64,934685000.0,758896000.0,10551000.0,-38473000.0,-2.89,948016000.0,0
MDNE3 - 2023,-117408000.0,34420000.0,30420000.0,2.53,253100000.0,-72957000.0,53970000.0,45225000.0,3.61,313329000.0,-21218000.0,47112000.0,46230000.0,3.53,301901000.0,1
DASA3 - 2023,9650607000.0,438746000.0,-167750000.0,-2.45,3534000000.0,8294878000.0,215371000.0,-284057000.0,-3.47,3630941000.0,8963584000.0,330950000.0,-182823000.0,-2.27,3769013000.0,0
VULC3 - 2023,99694000.0,93225000.0,83630000.0,4.66,571118000.0,100807000.0,144903000.0,138951000.0,7.34,723920000.0,10558000.0,151936000.0,127597000.0,6.43,731352000.0,1
TRIS3 - 2023,660346000.0,38980000.0,31022000.0,2.15,243210000.0,714333000.0,36571000.0,29450000.0,2.2,267079000.0,761949000.0,32238000.0,24046000.0,1.72,253179000.0,1
JSLG3 - 2023,4333911000.0,209536000.0,26784000.0,1.86,1563578000.0,4980649000.0,505860000.0,205247000.0,12.47,1839575000.0,5092049000.0,278760000.0,46858000.0,2.78,2010125000.0,1
BIOM3 - 2023,99015000.0,-15390000.0,-17930000.0,-14.86,34280000.0,109726000.0,-18509000.0,-20222000.0,-16.72,30774000.0,109654000.0,-19895000.0,-21931000.0,-22.15,33133000.0,1
MATD3 - 2023,905365000.0,106200000.0,32582000.0,1.82,524059000.0,953332000.0,122133000.0,44944000.0,2.73,554155000.0,923886000.0,108758000.0,35231000.0,1.54,568227000.0,1
PORT3 - 2023,2398791000.0,148287000.0,85288000.0,3.67,570239000.0,2462925000.0,167635000.0,111277000.0,4.83,593535000.0,2457409000.0,180570000.0,94840000.0,4.09,618585000.0,1
SHUL4 - 2023,109537000.0,91940000.0,75950000.0,6.61,490970000.0,51469000.0,71698000.0,62422000.0,5.22,485964000.0,-20871000.0,77954000.0,76329000.0,6.09,496888000.0,0
PTBL3 - 2023,735200000.0,19800000.0,-15000000.0,-3.27,487800000.0,855765000.0,29002000.0,-38297000.0,-10.24,548825000.0,866892000.0,58052000.0,3968000.0,1.04,598023000.0,1
TAEE4 - 2023,8312991000.0,729623000.0,386772000.0,9.58,692915000.0,8102490000.0,470720000.0,220326000.0,3.3,678504000.0,8381729000.0,420281000.0,278942000.0,4.19,686465000.0,1
LUPA3 - 2023,139887000.0,-5425000.0,-10080000.0,-5.78,21392000.0,147559000.0,-10389000.0,-14511000.0,-9.25,19672000.0,143663000.0,-9347000.0,-21237000.0,-13.34,25193000.0,0
WIZC3 - 2023,111953000.0,85851000.0,34620000.0,3.56,260205000.0,43057000.0,98059000.0,43188000.0,6.01,251711000.0,102462000.0,131697000.0,73252000.0,9.69,287621000.0,1
SYNE3 - 2023,678415000.0,37040000.0,-12320000.0,-0.98,99250000.0,690674000.0,38087000.0,-1618000.0,-0.27,103973000.0,677582000.0,47971000.0,8438000.0,0.24,105909000.0,1
POMO3 - 2023,956419000.0,258134000.0,236276000.0,7.66,1653970000.0,1069223000.0,122019000.0,140456000.0,4.28,1364476000.0,1033071000.0,176691000.0,161688000.0,4.74,1614827000.0,1
SOJA3 - 2023,48517000.0,-35800000.0,-13580000.0,-2.38,115810000.0,345630000.0,37293000.0,27834000.0,3.39,134428000.0,-92856000.0,127224000.0,115637000.0,10.96,987423000.0,1
MBLY3 - 2023,-26973000.0,-18280000.0,-22540000.0,-4.24,146740000.0,10490000.0,-21388000.0,-17147000.0,-3.33,128154000.0,42394000.0,-23980000.0,-24292000.0,-4.94,123813000.0,0
VLID3 - 2023,549871000.0,101521000.0,59639000.0,4.65,529279000.0,456756000.0,103315000.0,55195000.0,4.45,534356000.0,281098000.0,112086000.0,61001000.0,4.47,558409000.0,1
LIGT3 - 2023,8736407000.0,478506000.0,107145000.0,3.63,3613758000.0,8555556000.0,286754000.0,109387000.0,3.57,3346612000.0,8817081000.0,308313000.0,-10923000.0,-0.36,3495317000.0,1
SEER3 - 2023,1033644000.0,36657000.0,-28352000.0,-2.34,424547000.0,518383000.0,84603000.0,31383000.0,2.53,506049000.0,522978000.0,24572000.0,-36767000.0,-3.05,418291000.0,1
ESPA3 - 2023,46271000.0,47334000.0,5999000.0,0.78,267434000.0,713394000.0,27338000.0,-11044000.0,-1.12,236232000.0,690212000.0,35327000.0,-1469000.0,-0.14,234290000.0,1
MEAL3 - 2023,317627000.0,-11611000.0,-57260000.0,-5.39,529977000.0,353068000.0,32675000.0,35068000.0,3.25,605836000.0,317034000.0,63823000.0,16402000.0,1.47,626034000.0,1
HBOR3 - 2023,1551854000.0,42870000.0,27840000.0,0.48,270250000.0,1642647000.0,44989000.0,32517000.0,0.51,334239000.0,1669787000.0,59479000.0,44985000.0,0.61,324618000.0,1
OIBR4 - 2023,20956798000.0,-102677000.0,-1267087000.0,-5.47,2535792000.0,21232781000.0,-266082000.0,-844524000.0,-3.53,2454171000.0,22719925000.0,-803758000.0,-2830492000.0,-10.55,2421776000.0,0
UNIP6 - 2023,19655000.0,433311000.0,252961000.0,9.84,1567754000.0,-33486000.0,311319000.0,186336000.0,7.11,1319629000.0,-263422000.0,214837000.0,190793000.0,6.76,1366291000.0,1
TECN3 - 2023,12748000.0,3702000.0,3009000.0,0.86,63520000.0,-2291000.0,16814000.0,15095000.0,4.11,87355000.0,-17741000.0,15139000.0,12985000.0,3.42,80405000.0,1
RSID3 - 2023,605895000.0,-24350000.0,-50010000.0,-4.22,-27319000.0,612506000.0,-32521000.0,-42812000.0,-3.59,14091000.0,614477000.0,-39914000.0,-49573000.0,-3.86,7352000.0,1
AGRO3 - 2023,658282000.0,45426000.0,-3293000.0,-0.16,249197000.0,459929000.0,225155000.0,242708000.0,11.05,544286000.0,484864000.0,-14982000.0,29985000.0,1.33,264612000.0,0
TGMA3 - 2023,-77529000.0,44077000.0,34723000.0,4.31,336038000.0,-66392000.0,47506000.0,39856000.0,4.95,366651000.0,-89666000.0,70563000.0,56312000.0,6.85,426977000.0,1
TASA4 - 2023,94178000.0,56090000.0,35400000.0,3.38,453230000.0,243914000.0,73298000.0,48863000.0,4.62,470285000.0,360285000.0,61263000.0,26001000.0,2.35,439319000.0,0
AZEV3 - 2023,-3243000.0,-11657000.0,-20089000.0,-26.12,154822000.0,42218000.0,31054000.0,42312000.0,35.49,147916000.0,41206000.0,-35109000.0,-35130000.0,-25.09,68298000.0,1
SHOW3 - 2023,-81533000.0,25785000.0,13944000.0,9.04,243936000.0,21122000.0,20837000.0,16280000.0,10.92,57450000.0,-155205000.0,15371000.0,3719000.0,2.28,59715000.0,0
PNVL3 - 2023,811213000.0,37563000.0,18216000.0,1.62,1027411000.0,805971000.0,40209000.0,22030000.0,1.96,1081375000.0,809634000.0,42602000.0,23645000.0,2.08,1130149000.0,1
AMAR3 - 2023,1217250000.0,-85120000.0,-148970000.0,-40.44,560300000.0,1051041000.0,-35967000.0,-63408000.0,-20.84,547482000.0,1113162000.0,-134322000.0,-196390000.0,-182.17,313826000.0,1
TAEE3 - 2023,8312991000.0,729623000.0,386772000.0,9.58,692915000.0,8102490000.0,470720000.0,220326000.0,3.3,678504000.0,8381729000.0,420281000.0,278942000.0,4.19,686465000.0,1
FRAS3 - 2023,-35401000.0,147152000.0,90448000.0,4.88,838774000.0,-120207000.0,156024000.0,98235000.0,5.09,919552000.0,-136677000.0,157933000.0,106110000.0,5.39,889065000.0,1
AGXY3 - 2023,1214271000.0,168630000.0,101290000.0,-3.02,2785290000.0,928932000.0,-194480000.0,-388662000.0,-36.85,1832007000.0,1050490000.0,147981000.0,-30951000.0,-3.05,2369051000.0,1
PRNR3 - 2023,67326000.0,24060000.0,8870000.0,3.19,241260000.0,196805000.0,24289000.0,8949000.0,2.79,253934000.0,179541000.0,20616000.0,2339000.0,-0.23,268957000.0,1
MELK3 - 2023,-182349000.0,17000000.0,27060000.0,1.64,298970000.0,-171834000.0,11830000.0,27994000.0,2.34,241671000.0,-164607000.0,4023000.0,19937000.0,1.25,258650000.0,1
DMVF3 - 2023,-30196000.0,5654000.0,-1610000.0,-0.19,405486000.0,-24429000.0,16041000.0,7948000.0,0.93,433694000.0,-25152000.0,13217000.0,5790000.0,0.67,446738000.0,1
SAPR3 - 2023,3966158000.0,547610000.0,319570000.0,3.51,1453960000.0,4460285000.0,545510000.0,422108000.0,4.64,1536029000.0,4401204000.0,656082000.0,396860000.0,4.18,1605776000.0,1
PFRM3 - 2023,526826000.0,31585000.0,-5612000.0,-0.42,2023366000.0,868781000.0,73537000.0,17747000.0,1.24,2133798000.0,532070000.0,82053000.0,34223000.0,2.55,2297546000.0,1
ETER3 - 2023,33343000.0,31417000.0,22006000.0,3.17,296376000.0,76248000.0,2719000.0,1149000.0,0.16,259585000.0,106120000.0,29920000.0,21072000.0,2.97,290990000.0,1
RCSL4 - 2023,-1143000.0,-230000.0,-280000.0,-27.47,18820000.0,-266000.0,130000.0,-745000.0,-168.59,15530000.0,-49000.0,-998000.0,-2037000.0,-1742.24,10148000.0,1
ITSA3 - 2023,5956000000.0,3323000000.0,2896000000.0,3.8,1712000000.0,5000000000.0,4141000000.0,3691000000.0,4.67,1954000000.0,2824000000.0,3622000000.0,4283000000.0,5.13,1769000000.0,1
CSUD3 - 2023,13748000.0,27435000.0,20201000.0,5.1,132842000.0,16414000.0,27385000.0,20486000.0,5.18,129356000.0,-6018000.0,30870000.0,23695000.0,5.74,132356000.0,1
LPSB3 - 2023,-54551000.0,9119000.0,74250000.0,2.38,42282000.0,-50408000.0,12456000.0,8350000.0,2.31,46611000.0,-56119000.0,13053000.0,19800000.0,8.1,44767000.0,1
CAMB3 - 2023,86446000.0,27867000.0,20257000.0,10.87,113975000.0,60683000.0,29370000.0,21772000.0,10.72,117431000.0,25987000.0,27016000.0,21996000.0,10.04,120163000.0,0
RNEW4 - 2023,965263000.0,-6102000.0,-44439000.0,-4.95,66064000.0,993960000.0,-1777000.0,-42732000.0,-5.0,53861000.0,1016170000.0,-7175000.0,-47923000.0,-5.94,57329000.0,1
INEP3 - 2023,876187000.0,-10193000.0,-70556000.0,-4.17,1284000.0,914519000.0,-14333000.0,-74277000.0,-4.18,1282000.0,899589000.0,-21586000.0,-51401000.0,-2.85,2467000.0,1
VIVR3 - 2023,-2614000.0,-26210000.0,-25980000.0,-78.65,18360000.0,2312000.0,-15965000.0,-15027000.0,-80.51,11638000.0,-5585000.0,-36441000.0,-37760000.0,-188.57,18369000.0,1
INEP4 - 2023,876187000.0,-10193000.0,-70556000.0,-4.17,1284000.0,914519000.0,-14333000.0,-74277000.0,-4.18,1282000.0,899589000.0,-21586000.0,-51401000.0,-2.85,2467000.0,0
TCSA3 - 2023,468664000.0,9540000.0,4670000.0,0.7,139730000.0,502371000.0,9438000.0,4789000.0,0.76,101811000.0,541995000.0,-2966000.0,-8101000.0,-1.35,85921000.0,1
RNEW3 - 2023,965263000.0,-6102000.0,-44439000.0,-4.95,66064000.0,993960000.0,-1777000.0,-42732000.0,-5.0,53861000.0,1016170000.0,-7175000.0,-47923000.0,-5.94,57329000.0,1
EUCA4 - 2023,545171000.0,57500000.0,76900000.0,3.68,678600000.0,550335000.0,94701000.0,55458000.0,2.59,651254000.0,515596000.0,89009000.0,60549000.0,2.74,684714000.0,1
DEXP3 - 2023,33432000.0,88710000.0,54270000.0,7.4,469145000.0,-57276000.0,69892000.0,48979000.0,6.27,442714000.0,-122926000.0,56510000.0,46414000.0,5.78,411454000.0,1
GOAU3 - 2023,5458961000.0,4288523000.0,3236531000.0,6.33,18872303000.0,5547638000.0,2852794000.0,2132522000.0,4.05,18265370000.0,4498205000.0,2380878000.0,1613051000.0,3.07,17063258000.0,1
SCAR3 - 2023,1748366000.0,70808000.0,14602000.0,0.98,211491000.0,1595700000.0,123432000.0,47479000.0,3.11,314642000.0,1550236000.0,36812000.0,-13719000.0,-0.87,88275000.0,0
PMAM3 - 2023,3380221000.0,-104390000.0,-178890000.0,-5.97,441920000.0,3466561000.0,-392912000.0,-613263000.0,-16.91,263546000.0,3611119000.0,-137225000.0,-382250000.0,-9.54,193673000.0,1
GGBR3 - 2023,6436107000.0,4292437000.0,3215399000.0,6.59,18872303000.0,6510604000.0,2884904000.0,2142723000.0,4.36,18265370000.0,5476112000.0,2384140000.0,1592065000.0,3.13,17063258000.0,1
PDTC3 - 2023,71918000.0,1569000.0,677000.0,0.5,79164000.0,76995000.0,6564000.0,807000.0,0.6,96903000.0,64633000.0,18752000.0,15540000.0,10.14,103532000.0,1
AALR3 - 2023,860225000.0,24951000.0,-33693000.0,-3.99,289650000.0,895625000.0,22822000.0,-50247000.0,-5.96,299416000.0,756769000.0,17789000.0,-49257000.0,-5.1,302330000.0,1
HAGA4 - 2023,-17699000.0,-480000.0,-131000.0,-0.23,7628000.0,-18469000.0,713000.0,1038000.0,-1.87,6960000.0,-20104000.0,-457000.0,-62000.0,-0.11,7596000.0,0
RAPT3 - 2023,3321200000.0,376755000.0,186840000.0,4.29,2658168000.0,3226436000.0,376434000.0,187126000.0,3.98,2776867000.0,2852118000.0,326714000.0,165804000.0,2.97,2896681000.0,1
EQPA3 - 2023,4105854000.0,576540000.0,424970000.0,12.86,2333960000.0,3751380000.0,739225000.0,519256000.0,13.62,2409930000.0,3564462000.0,888628000.0,677655000.0,15.22,2779177000.0,1
IGTI3 - 2023,1927269000.0,130230000.0,48810000.0,1.18,267130000.0,1934192000.0,148016000.0,78702000.0,1.89,299273000.0,1838927000.0,163832000.0,61213000.0,1.44,279547000.0,1
UCAS3 - 2023,-36379000.0,2111000.0,3524000.0,1.84,48710000.0,-14651000.0,513000.0,1213000.0,0.63,51017000.0,-19669000.0,4851000.0,3921000.0,1.99,58799000.0,1
TPIS3 - 2023,1591170000.0,-38400000.0,-81730000.0,-9.66,208400000.0,1571559000.0,-28504000.0,-65568000.0,-8.48,204327000.0,1820192000.0,54296000.0,96038000.0,11.36,307711000.0,1
JFEN3 - 2023,599250000.0,-11340000.0,40080000.0,-6.25,42380000.0,592436000.0,11733000.0,817000.0,-0.18,19771000.0,580074000.0,-41856000.0,-45314000.0,-6.29,15039000.0,1
WEST3 - 2023,-120251000.0,-16491000.0,-13479000.0,-4.56,44445000.0,-123264000.0,-14835000.0,-9080000.0,-3.17,45743000.0,-122427000.0,-19403000.0,-14644000.0,-5.38,51016000.0,1
BRKM3 - 2023,22425699000.0,496069000.0,242448000.0,2.36,19446048000.0,21953684000.0,-1640211000.0,-823348000.0,-10.65,17756177000.0,23848533000.0,-620118000.0,-2558092000.0,-48.15,16675501000.0,1
CEBR6 - 2023,-710372000.0,60475000.0,64842000.0,5.09,92560000.0,-624622000.0,51625000.0,51609000.0,3.91,82536000.0,-675715000.0,54749000.0,55322000.0,4.02,85877000.0,1
CEBR3 - 2023,-710372000.0,60475000.0,64842000.0,5.09,92560000.0,-624622000.0,51625000.0,51609000.0,3.91,82536000.0,-675715000.0,54749000.0,55322000.0,4.02,85877000.0,1
ENGI4 - 2023,21885504000.0,1490030000.0,508997000.0,3.52,6540522000.0,22534521000.0,1383526000.0,656714000.0,4.09,6586066000.0,25452347000.0,1623978000.0,688691000.0,4.1,7329166000.0,1
ATOM3 - 2023,-26136000.0,2251000.0,2521000.0,10.04,10333000.0,-18358000.0,-871000.0,-523000.0,-2.69,4665000.0,-20585000.0,-1642000.0,-1140000.0,-6.23,2993000.0,1
NUTR3 - 2023,7931000.0,1594000.0,219000.0,0.69,27787000.0,5411000.0,1003000.0,-17000.0,-0.05,43265000.0,6016000.0,3032000.0,1323000.0,4.02,56851000.0,1
UNIP3 - 2023,19655000.0,433311000.0,252961000.0,9.84,1567754000.0,-33486000.0,311319000.0,186336000.0,7.11,1319629000.0,-263422000.0,214837000.0,190793000.0,6.76,1366291000.0,1
VSTE3 - 2023,244762000.0,7210000.0,6571000.0,0.64,265169000.0,258728000.0,4261000.0,5157000.0,0.5,288279000.0,261981000.0,7020000.0,1303000.0,0.13,274528000.0,1
ALUP3 - 2023,8928705000.0,776774000.0,387328000.0,3.21,1003997000.0,9091521000.0,598280000.0,338097000.0,2.98,780156000.0,8903919000.0,414163000.0,167192000.0,1.33,648957000.0,1
SNSY5 - 2023,127377000.0,15177000.0,-33819000.0,-1.79,214340000.0,124681000.0,26464000.0,-20498000.0,-1.11,220611000.0,128593000.0,16615000.0,-32554000.0,-1.69,234271000.0,0
LOGN3 - 2023,872598000.0,98110000.0,38406000.0,4.19,559663000.0,905617000.0,80587000.0,17056000.0,1.81,554587000.0,877463000.0,102757000.0,40560000.0,4.14,622889000.0,1
GEPA4 - 2023,611147000.0,198070000.0,112850000.0,5.69,383730000.0,589060000.0,128306000.0,79547000.0,3.85,318726000.0,462409000.0,80584000.0,58735000.0,2.77,332179000.0,1
ALUP4 - 2023,8928705000.0,776774000.0,387328000.0,3.21,1003997000.0,9091521000.0,598280000.0,338097000.0,2.98,780156000.0,8903919000.0,414163000.0,167192000.0,1.33,648957000.0,1
CEBR5 - 2023,-710372000.0,60475000.0,64842000.0,5.09,92560000.0,-624622000.0,51625000.0,51609000.0,3.91,82536000.0,-675715000.0,54749000.0,55322000.0,4.02,85877000.0,1
WHRL4 - 2023,-778429000.0,168670000.0,68980000.0,2.99,2617600000.0,-746855000.0,257474000.0,126297000.0,5.27,2634197000.0,-639467000.0,316132000.0,125988000.0,4.9,2786300000.0,1
OSXB3 - 2023,1872391000.0,-3574000.0,-212856000.0,-3.56,9850000.0,5692563000.0,-12819000.0,-203126000.0,-3.37,10291000.0,5870815000.0,4418000.0,-206541000.0,-3.31,14740000.0,0
PTNT4 - 2023,146403000.0,25708000.0,19465000.0,2.74,219351000.0,102777000.0,23295000.0,-14350000.0,-3.97,199499000.0,88986000.0,14294000.0,9833000.0,1.71,177945000.0,0
ENGI3 - 2023,21885504000.0,1490030000.0,508997000.0,3.52,6540522000.0,22534521000.0,1383526000.0,656714000.0,4.09,6586066000.0,25452347000.0,1623978000.0,688691000.0,4.1,7329166000.0,1
EPAR3 - 2023,31772000.0,13260000.0,6980000.0,5.73,207590000.0,5542000.0,17270000.0,13363000.0,9.88,199284000.0,-18301000.0,-12017000.0,6972000.0,5.63,-105349000.0,0
FHER3 - 2023,-28628000.0,-150906000.0,-131540000.0,-55.51,1377514000.0,-36775000.0,-148818000.0,-135338000.0,-133.15,887304000.0,-43476000.0,-14888000.0,-62654000.0,-160.7,1643047000.0,1
BOBR4 - 2023,335948000.0,53040000.0,18890000.0,-13.81,359260000.0,371038000.0,52291000.0,19612000.0,-16.74,339217000.0,363220000.0,63392000.0,45222000.0,-62.85,373152000.0,1
CRPG5 - 2023,-134521000.0,32730000.0,29570000.0,3.53,177390000.0,-96675000.0,-813000.0,10383000.0,1.48,138491000.0,-94848000.0,-27421000.0,-9635000.0,-1.39,126296000.0,0
BAHI3 - 2023,177193000.0,-7610000.0,-17872000.0,-30.31,86779000.0,167306000.0,1138000.0,-14127000.0,-22.0,100934000.0,178597000.0,-597000.0,-15005000.0,-45.8,94225000.0,0
NEXP3 - 2023,48337000.0,-13298000.0,-17843000.0,-18.42,30066000.0,50187000.0,26464000.0,29871000.0,-23.2,37420000.0,50369000.0,4650000.0,4411000.0,-4.09,-2473000.0,1
EMAE4 - 2023,-447375000.0,1038000.0,18882000.0,1.65,137552000.0,-468834000.0,10281000.0,37848000.0,3.39,138754000.0,-457016000.0,39526000.0,41102000.0,3.55,173596000.0,1
MTSA4 - 2023,-76640000.0,26330000.0,19180000.0,4.8,162600000.0,-93920000.0,20990000.0,23500000.0,5.63,168530000.0,-125323000.0,16138000.0,20392000.0,4.73,145602000.0,1
TASA3 - 2023,94178000.0,56090000.0,35400000.0,3.38,453230000.0,243914000.0,73298000.0,48863000.0,4.62,470285000.0,360285000.0,61263000.0,26001000.0,2.35,439319000.0,0
